ID,Age,Sex,Enjoy,RL,Span,LatMed,LatClub,Span,LatMed,LatClub
1,21,1,3.166666667,4.833333333,6,9,6,9,10,8
2,23,1,1.5,1.833333333,9,7,2,8,7,4
3,25,-1,2.833333333,6.833333333,10,9,8,3,6,4
4,25,-1,3.5,5,8,11,5,7,9,4
5,18,1,3,4.5,8,0,4,7,0,7
6,23,1,5,8.666666667,9,10,6,6,14,4
7,21,1,3,5.333333333,7,9,8,9,7,7
8,24,1,2.666666667,5.5,6,10,7,9,9,1
9,20,1,2.333333333,3.166666667,5,6,4,8,11,1
10,25,-1,3,4.833333333,8,10,1,7,11,5
11,20,1,1,2.5,9,8,8,7,9,7
12,23,1,4.833333333,6.166666667,8,8,2,9,8,4
13,21,1,3,5.5,6,0,3,6,0,3
14,24,-1,3,4.5,10,10,8,10,13,0
15,20,1,2.666666667,2.166666667,6,8,3,6,10,6
16,19,-1,1.666666667,6.333333333,8,7,4,8,5,2
17,20,1,3.333333333,4.666666667,8,8,6,9,12,6
18,21,1,4.166666667,6.333333333,8,6,9,8,10,9
19,25,-1,1.666666667,4.333333333,7,11,2,9,9,4
20,21,-1,3.666666667,5.333333333,8,10,7,9,9,7
21,21,1,3,5,7,9,5,9,9,5
22,21,-1,1.166666667,2,7,7,9,10,10,6
23,20,1,1.333333333,2.833333333,5,11,8,5,8,2
24,23,1,4,7.166666667,9,9,5,7,10,6
25,25,1,3,2.666666667,7,6,3,9,7,9
26,21,1,1.5,2.333333333,6,8,1,4,9,10
27,19,1,4.5,4.5,9,8,2,7,11,1
28,18,1,2.833333333,4.833333333,3,8,4,8,10,7
29,22,1,3.166666667,3.166666667,9,9,1,5,11,3
30,24,1,3.166666667,4.333333333,7,10,5,5,7,7
31,25,1,2.333333333,5.333333333,7,11,3,6,9,4
32,24,1,3.833333333,5.5,7,9,11,6,10,4
33,24,-1,3.166666667,1,8,8,8,8,7,7
34,18,1,2.166666667,4,6,7,7,8,12,7
35,21,1,4,1.333333333,9,10,3,8,7,6
36,23,1,2,1.666666667,9,8,11,9,9,6
37,20,1,4.666666667,1.666666667,9,10,4,8,9,6
38,19,-1,2.833333333,5.5,8,7,5,9,9,6
39,22,1,1,3,3,8,0,4,9,5
40,24,1,2.5,3,7,6,8,9,10,8
41,21,1,3.166666667,5.333333333,7,10,5,8,7,7
42,23,1,3.166666667,5.333333333,8,9,2,8,6,7
43,20,1,3.333333333,5,7,15,5,6,8,8
44,25,1,3.5,3,9,8,8,8,9,7
45,25,1,2.666666667,4.666666667,7,7,5,7,12,5
46,25,1,2,3.5,9,13,6,8,12,2
47,25,1,3.333333333,4.333333333,7,13,8,8,10,4
48,20,-1,2.333333333,4.333333333,8,12,2,8,10,2
49,20,1,4.333333333,6,9,10,4,3,9,4
50,24,1,3.166666667,4.166666667,8,10,7,6,9,3
51,25,-1,1.333333333,1.833333333,8,11,1,7,6,4
52,23,1,1.333333333,1.5,5,11,9,7,10,2
53,23,1,3.5,5.166666667,7,8,2,7,8,3
54,20,1,1.333333333,2.333333333,7,7,6,8,10,6
55,22,1,2.666666667,1.5,9,11,6,8,8,6
56,25,1,3.166666667,4.833333333,7,7,3,9,8,4
57,23,1,2.166666667,2,9,10,6,9,9,8
58,25,1,3.5,1.333333333,7,8,4,7,8,0
59,19,1,2,5,5,13,8,6,11,6
60,24,1,2.833333333,2.666666667,9,11,1,7,9,10
61,22,1,3.666666667,4.5,8,10,9,8,10,4
62,24,1,4.666666667,5.666666667,5,9,4,10,7,6
63,21,1,3.333333333,4.166666667,7,7,3,5,12,3
64,23,-1,3.5,4.833333333,8,8,2,9,9,5
65,21,1,3.833333333,4,10,9,8,9,7,7
66,24,-1,4.166666667,7.666666667,9,9,0,5,10,2
67,24,-1,2.833333333,5.333333333,8,10,5,8,11,3
68,20,1,2.166666667,2.666666667,5,4,3,9,6,7
69,20,1,4.166666667,7.5,9,10,3,7,12,6
70,18,1,4.666666667,1.833333333,6,10,5,8,9,7
71,22,1,4.5,1.833333333,9,11,5,8,11,9
72,22,1,2.166666667,5,8,12,4,7,9,7
73,23,1,1.333333333,3.5,5,11,3,8,8,2
74,22,-1,3,5.166666667,9,11,7,6,5,5
75,24,1,1.166666667,4.833333333,8,8,7,8,7,4
76,19,1,4.333333333,4.666666667,9,8,10,7,9,5
77,24,1,3.166666667,5,7,7,2,7,11,8
78,23,1,4.5,3.166666667,10,12,2,8,5,6
79,24,1,4.5,4.666666667,10,5,3,5,12,5
80,19,1,2,3,4,10,2,5,12,5
81,21,1,4.666666667,4.166666667,8,9,11,6,7,6
82,20,1,4.333333333,5.333333333,6,10,0,7,10,1
83,19,1,3.666666667,2.333333333,8,11,1,9,7,4
84,22,1,4.166666667,4.333333333,6,6,3,9,9,10
85,25,-1,3.5,5,7,11,4,8,11,7
86,21,1,3.833333333,2.166666667,10,10,5,9,11,2
87,23,1,4.5,3.833333333,5,9,8,9,7,1
88,19,1,3.833333333,4.333333333,8,8,9,7,8,2
89,25,1,2.5,7.666666667,9,10,2,8,7,7
90,19,1,3,5,8,7,6,8,10,6
91,24,-1,5,5.666666667,8,10,0,9,6,3
92,25,1,4.666666667,5.666666667,5,9,8,8,4,4
93,24,1,3.5,4.333333333,9,6,2,9,12,8
94,23,1,2,2.666666667,9,12,6,10,14,4
95,25,1,2.333333333,1.666666667,4,13,2,8,8,5
96,20,1,1.5,1.5,4,11,5,9,11,6
97,24,1,4.166666667,7,4,8,5,6,9,4
98,25,1,4.333333333,5.333333333,3,8,2,10,12,3
99,23,1,4.5,4.666666667,7,11,6,8,10,4
100,25,1,3,5,9,11,15,6,9,2
101,19,1,3.833333333,4.666666667,6,11,5,7,5,6
102,23,1,3.833333333,5,5,8,4,7,11,9
103,21,1,3.166666667,3.833333333,10,11,3,9,8,6
104,23,1,3.166666667,4.333333333,7,13,4,9,6,7
105,23,1,1.833333333,1.333333333,6,9,6,9,9,3
106,25,1,4.833333333,5.5,8,9,2,7,9,5
107,19,1,3.333333333,3.833333333,6,9,10,9,11,5
108,24,1,1.5,3.333333333,6,7,7,8,7,1
109,24,1,2.833333333,3.5,4,7,8,8,8,5
110,24,1,2.166666667,5.5,10,8,9,9,12,6
111,23,1,2,4.833333333,5,10,2,7,12,7
112,19,1,4.166666667,5.666666667,9,10,2,7,11,9
113,20,1,2.833333333,4.833333333,9,11,6,9,12,1
114,18,1,2.166666667,2.166666667,4,7,4,8,9,7
115,25,1,1.5,1.5,5,9,7,6,8,7
116,20,-1,1.333333333,2.333333333,8,8,5,7,10,4
117,22,1,5,3.833333333,6,9,7,8,11,7
118,21,1,5,6.666666667,9,10,0,10,14,1
119,25,1,2.333333333,1,8,12,7,5,5,6
120,24,1,2.5,1.5,8,12,0,10,10,0
121,24,1,1.333333333,2.5,8,13,5,6,10,6
122,25,1,3,5.166666667,6,10,6,9,9,10
123,23,1,3.166666667,4.833333333,8,0,3,6,0,10
124,24,1,5,4.666666667,8,7,10,8,10,0
125,22,1,2.833333333,4.333333333,8,9,6,10,7,7
126,22,1,3,5,10,12,0,10,10,4
127,23,1,5,4.333333333,6,8,10,10,11,5
128,19,1,4.166666667,5.5,9,10,6,9,12,0
129,25,1,4.833333333,6.666666667,9,11,4,10,6,6
130,25,1,1.333333333,4,4,9,7,6,11,3
131,23,1,3,6.333333333,9,12,1,9,7,6
132,25,1,3.333333333,4.333333333,8,10,5,6,6,4
133,22,1,3.666666667,5.666666667,7,7,6,6,12,2
134,23,1,2.166666667,4.333333333,4,11,0,7,11,6
135,18,1,1.666666667,3,7,7,4,9,9,7
136,22,1,5,5.5,8,11,3,8,11,5
137,23,1,3,5,6,7,6,8,7,7
138,24,1,5,8.833333333,10,10,8,6,9,4
139,24,1,3.333333333,5.333333333,5,10,5,8,9,9
140,25,1,2.333333333,5.166666667,10,11,3,5,8,4
141,18,1,2,3,7,10,5,8,10,3
142,24,1,4,4.333333333,8,11,2,5,12,8
143,23,1,1,5,4,8,2,9,8,8
144,20,1,2.666666667,5.833333333,7,9,0,9,9,7
145,25,1,2.666666667,4.5,7,11,4,8,12,6
146,22,1,1,5.833333333,6,7,7,7,8,10
147,24,1,1,1.666666667,9,7,6,6,4,2
148,21,1,5,7.166666667,8,9,2,8,10,8
149,25,1,2.333333333,3,6,9,4,6,7,10
150,25,1,5,7.5,9,9,8,8,7,5
151,25,1,3.5,2.333333333,6,14,7,7,12,7
152,25,1,3.5,5.5,9,6,7,8,14,7
153,22,1,4.166666667,7.166666667,9,0,4,9,0,9
154,20,1,1.166666667,2.166666667,4,7,5,7,11,2
155,25,1,4.5,4.666666667,10,12,2,7,9,8
156,24,1,1.166666667,1.666666667,10,0,5,8,0,0
157,24,1,3,3.166666667,4,7,6,9,11,11
158,25,1,2,2.666666667,9,7,5,4,9,3
159,19,1,1,1.833333333,4,8,6,8,7,4
160,19,1,2,3.5,8,5,0,9,8,6
161,24,1,3.833333333,5.333333333,7,10,6,8,10,1
162,23,1,4.666666667,5.833333333,5,9,4,8,4,4
163,23,1,3,5,9,6,1,5,11,5
164,20,1,3,4.833333333,8,9,4,7,6,4
165,20,1,1.666666667,5.166666667,8,9,6,6,9,11
166,24,1,1.833333333,4.5,7,11,2,8,9,0
167,21,1,2.833333333,4.5,6,9,5,7,12,5
168,24,1,1.666666667,1.666666667,8,8,1,8,9,9
169,21,-1,3.5,5.5,8,8,2,7,9,2
170,23,1,2,2.5,8,12,10,9,10,5
171,19,1,3,4.833333333,8,8,7,9,7,11
172,24,1,4.666666667,5.333333333,7,10,0,6,9,0
173,23,1,5,6.333333333,8,10,4,9,11,3
174,24,1,4.166666667,5,9,10,5,9,10,1
175,19,1,4.5,7,8,6,4,8,6,7
176,23,1,4.333333333,5.666666667,10,10,8,6,10,2
177,25,1,2.666666667,5.333333333,5,11,12,8,6,6
178,24,1,5,7.833333333,9,13,3,8,8,3
179,25,1,4.5,6.5,9,6,8,9,11,5
180,23,1,3.333333333,5.166666667,7,7,8,9,4,8
181,20,-1,3,4.166666667,5,10,6,8,5,5
182,25,-1,1.5,2.333333333,9,8,6,7,12,0
183,23,1,4.833333333,4.833333333,8,12,9,7,7,3
184,22,1,2.833333333,5.5,9,6,5,8,11,7
185,23,-1,3,2.666666667,6,10,0,9,9,11
186,23,1,3.166666667,4.166666667,9,10,6,9,10,2
187,25,1,3.5,4.166666667,9,11,1,9,11,4
188,19,1,3.166666667,4.833333333,6,11,3,9,8,5
189,22,-1,2.666666667,3.5,7,9,4,9,8,3
190,20,1,2.833333333,3.666666667,9,6,0,6,8,1
191,24,1,4.833333333,9,10,10,4,6,15,11
192,23,1,2.5,3.5,5,10,8,8,9,9
193,23,1,4,2.833333333,9,5,3,7,10,1
194,25,1,3.833333333,3,7,11,1,9,8,0
195,18,1,3,5.166666667,8,9,4,9,9,4
196,25,1,3.666666667,3,9,7,3,5,12,6
197,24,1,4.166666667,3.833333333,5,10,6,9,8,5
198,19,1,1.5,2.5,7,11,3,8,9,8
199,25,-1,2.166666667,3.833333333,9,10,3,7,10,4
200,25,1,3,4.166666667,9,8,6,9,8,2
201,22,1,3.166666667,3.166666667,7,14,6,9,13,10
202,20,1,1.166666667,1.666666667,7,9,8,9,6,4
203,25,1,2.166666667,2.833333333,7,10,8,8,13,4
204,23,-1,3,5.166666667,6,10,3,7,8,4
205,19,1,2.5,1.833333333,8,11,8,7,12,5
206,21,1,2.5,2.166666667,8,11,1,9,5,0
207,23,1,3.5,5.666666667,7,9,5,9,11,7
208,22,1,3,1.833333333,9,9,0,8,11,7
209,24,1,3.5,2.5,4,7,6,4,6,7
210,25,1,5,5.833333333,7,10,2,9,7,4
211,18,1,4.166666667,4.666666667,10,10,5,8,9,5
212,19,1,3.333333333,4.5,9,8,6,3,11,1
213,23,1,4.833333333,3.833333333,9,11,1,8,7,6
214,24,-1,2.833333333,4.666666667,9,0,8,9,0,3
215,20,1,3.166666667,4.666666667,6,10,8,6,12,9
216,24,1,3.5,4.666666667,7,8,6,8,7,2
217,23,1,2.166666667,3.333333333,6,11,1,9,11,0
218,23,1,1,2.5,8,6,1,8,10,6
219,25,-1,3.5,4.666666667,5,13,0,7,7,0
220,19,1,2.333333333,2,9,9,4,8,8,2
221,19,1,1.5,2.666666667,8,6,5,5,11,7
222,22,1,3.666666667,5.333333333,9,7,6,6,9,11
223,21,1,3.333333333,3.5,6,5,7,8,12,4
224,23,1,2.833333333,5.333333333,7,9,3,10,8,8
225,22,1,3.833333333,4.333333333,5,9,8,8,6,1
226,22,1,1.333333333,1.666666667,2,8,4,8,11,10
227,19,1,2.333333333,2.666666667,7,9,0,7,8,5
228,21,1,4.333333333,3.166666667,9,6,7,4,9,3
229,23,1,2.5,4.333333333,9,11,7,8,12,6
230,24,1,4.666666667,6,8,9,5,10,8,3
231,21,1,4.166666667,5,8,10,6,8,12,5
232,25,1,4.166666667,6.666666667,9,13,9,7,7,5
233,25,-1,3.166666667,5,9,11,4,5,11,9
234,22,-1,2.666666667,5.166666667,8,7,8,5,9,3
235,25,1,3.333333333,5.166666667,6,11,3,9,8,4
236,21,1,3.666666667,3.333333333,5,6,9,5,6,5
237,20,1,3.333333333,4.5,9,15,5,8,9,8
238,23,1,2.333333333,4.833333333,7,12,4,7,10,11
239,20,1,3.666666667,3.666666667,8,6,7,7,10,10
240,18,1,2.833333333,5.5,8,7,7,7,10,8
241,18,1,2,5,7,12,9,7,8,0
242,21,1,3.833333333,6.333333333,6,7,6,10,8,8
243,19,1,3.666666667,4.5,10,14,8,6,9,7
244,21,1,3.5,4.5,8,12,7,7,8,3
245,23,1,3.166666667,5,6,11,4,8,11,3
246,20,1,2.666666667,3.333333333,8,8,9,7,9,1
247,23,1,3.833333333,5.333333333,8,12,2,7,8,5
248,25,1,3,4.833333333,8,9,8,7,5,5
249,24,1,2,3.333333333,9,11,2,8,8,0
250,22,1,4.166666667,7.166666667,9,8,8,7,13,0
251,23,1,3.833333333,6.833333333,8,11,5,5,8,6
252,21,1,3.333333333,4.833333333,5,7,5,5,7,2
253,20,1,3.333333333,5,8,8,11,9,10,4
254,20,1,3.666666667,2.5,7,9,3,7,10,8
255,22,1,3.333333333,5,8,11,8,3,11,4
256,24,1,1,3.666666667,6,9,3,9,8,5
257,22,1,3.5,6,7,8,5,8,11,7
258,21,1,3.666666667,5,7,7,5,4,7,2
259,25,1,3.666666667,3.666666667,9,8,11,9,9,9
260,22,1,4.5,3.333333333,7,10,9,9,8,8
261,25,1,3.166666667,4.333333333,7,10,5,9,10,9
262,21,1,4.333333333,4.666666667,9,8,5,9,9,4
263,23,1,3.666666667,3.5,8,8,5,8,11,1
264,24,1,1,1.833333333,7,5,1,7,13,7
265,22,1,3.333333333,2.333333333,10,10,0,7,9,7
266,19,1,2.333333333,3.5,9,8,4,2,8,13
267,25,1,1.333333333,2.5,6,9,4,6,7,10
268,20,1,3,3.5,8,9,3,10,8,4
269,20,1,2.166666667,5.166666667,9,5,2,9,9,2
270,19,1,4.166666667,4.333333333,9,9,5,8,13,7
271,19,1,3.166666667,3.333333333,7,13,10,6,7,11
272,24,1,1.666666667,2,10,13,4,8,7,1
273,25,-1,3.833333333,3.833333333,5,6,8,9,8,3
274,20,-1,2,4.5,10,9,4,5,10,10
275,24,1,1.333333333,4.5,8,5,6,7,11,11
276,23,1,3.5,6.166666667,9,8,12,4,7,6
277,19,1,4.333333333,6.166666667,9,12,6,9,9,0
278,24,1,1.666666667,1.333333333,9,11,3,6,9,3
279,24,-1,2.833333333,5.166666667,7,8,0,8,11,9
280,18,1,1.5,2.333333333,8,8,3,8,11,11
281,21,-1,2.5,1,8,9,8,6,8,5
282,18,1,2.5,5,9,7,4,4,9,3
283,24,1,4.666666667,3.333333333,8,9,7,8,10,6
284,22,1,1,2.166666667,9,7,4,9,6,5
285,22,1,2.666666667,3.666666667,9,6,1,9,8,2
286,23,1,3.5,5.5,7,7,0,3,10,7
287,20,1,2.666666667,5.333333333,9,11,2,7,8,9
288,20,1,2.166666667,4.833333333,8,7,5,10,9,5
289,23,-1,2.666666667,7.166666667,8,7,4,9,9,7
290,23,1,4.5,5,9,4,3,8,8,6
291,19,1,3.666666667,5.333333333,9,10,5,5,7,6
292,25,1,3.833333333,5,8,9,2,8,9,4
293,23,1,1.333333333,4.333333333,7,8,8,6,8,9
294,25,1,3.333333333,5.5,8,11,3,7,11,6
295,22,1,2.833333333,5,7,9,4,8,12,3
296,22,1,2.5,1.5,6,10,2,10,9,7
297,25,1,1.5,2.333333333,8,8,7,7,10,8
298,18,1,2.833333333,2.833333333,6,8,6,9,9,5
299,21,1,1,4,9,11,4,9,10,0
300,18,1,1.833333333,4.833333333,8,11,0,8,9,10
301,24,1,3.333333333,4.333333333,8,11,5,5,9,3
302,22,1,2.5,3.666666667,7,10,6,10,11,4
303,19,1,3,1.333333333,7,9,6,8,7,10
304,24,1,2.666666667,2.5,8,7,8,7,12,0
305,19,1,3.166666667,4.166666667,9,13,3,9,10,2
306,22,1,4.333333333,3.666666667,9,9,3,7,9,3
307,22,1,2.833333333,3.666666667,7,8,1,7,8,1
308,19,-1,3.166666667,5,4,13,8,8,9,8
309,20,1,2.833333333,3,9,12,4,10,10,9
310,24,1,4,6.166666667,8,8,3,8,5,7
311,21,1,2.833333333,1.333333333,7,9,5,6,8,4
312,23,1,3.166666667,1.833333333,9,8,4,7,10,4
313,21,1,4.166666667,6.666666667,7,11,3,5,8,3
314,25,1,2,2.166666667,8,8,11,5,7,3
315,21,1,3.166666667,2.5,9,10,3,8,8,6
316,24,1,4.166666667,7.5,5,9,8,7,9,8
317,23,1,4.833333333,5.333333333,5,9,7,9,6,4
318,25,1,4.666666667,3.833333333,4,7,10,8,11,6
319,24,-1,1,2.333333333,8,9,5,10,5,0
320,24,1,4.166666667,3.666666667,8,10,5,8,8,5
321,25,1,2,3.333333333,7,9,3,5,7,2
322,24,1,4.166666667,4.5,6,8,1,6,7,8
323,20,1,4.833333333,9,8,10,4,9,7,9
324,21,1,3,4.666666667,8,9,3,9,10,0
325,23,1,4.833333333,6.666666667,9,0,3,7,0,8
326,22,1,4.333333333,6.5,8,7,6,8,8,3
327,22,1,3.666666667,2.666666667,7,13,4,10,4,5
328,24,1,2.833333333,3.833333333,9,7,0,7,6,8
329,20,1,4.833333333,4.666666667,7,8,4,7,9,7
330,22,1,1,1.5,10,11,6,7,7,3
331,21,1,4.333333333,5,5,10,5,9,7,6
332,22,1,1.666666667,4,10,6,6,6,11,4
333,21,1,1,1.5,10,8,4,6,9,9
334,18,1,3.833333333,4.5,9,10,8,9,7,0
335,20,1,3,5,7,13,4,8,8,7
336,24,1,3,5.333333333,9,12,4,7,8,9
337,22,1,3.833333333,4.833333333,9,13,8,9,8,0
338,25,1,1.166666667,4.333333333,7,11,9,10,7,7
339,19,1,4.833333333,5.166666667,9,10,4,5,9,4
340,23,1,4.666666667,7.5,8,8,5,9,10,5
341,22,1,4.333333333,4.5,6,10,3,9,9,4
342,22,1,1.5,3.5,3,8,5,9,9,7
343,20,1,3.166666667,3.666666667,6,5,10,5,10,8
344,20,1,2.333333333,4.666666667,8,11,8,9,11,7
345,25,1,1.333333333,2.833333333,10,8,7,8,9,5
346,20,1,2.5,4.666666667,9,10,6,8,10,4
347,22,1,3,3.833333333,8,6,4,9,7,5
348,23,-1,2,1.666666667,6,2,0,9,9,4
349,23,1,4.666666667,5,8,9,7,8,8,6
350,21,1,4.5,7.333333333,6,6,5,6,9,3
351,20,1,1.833333333,5.166666667,9,8,3,10,10,7
352,21,1,3,4.666666667,8,10,9,8,9,2
353,25,1,3,4.666666667,7,8,8,6,7,1
354,22,1,4.166666667,7.166666667,8,9,9,9,7,6
355,25,1,2.833333333,3.5,7,8,7,7,10,6
356,18,1,3,4.833333333,9,7,3,6,12,8
357,25,1,1.833333333,1.666666667,7,9,4,6,7,7
358,18,1,4.833333333,2.5,8,11,0,8,8,6
359,18,1,3.666666667,4.666666667,8,7,4,8,10,7
360,25,1,2.333333333,5.166666667,10,11,0,10,8,2
361,23,1,3.166666667,5,9,8,5,8,9,2
362,24,1,3.5,4.5,10,6,5,7,9,1
363,24,1,2.666666667,4.166666667,10,10,3,6,7,5
364,22,1,4,3.666666667,8,10,5,9,11,7
365,22,1,2.5,1.833333333,8,11,0,7,11,8
366,22,1,3,5.5,7,10,6,7,11,9
367,20,1,3.833333333,4,5,9,11,4,12,6
368,25,1,3.5,1,7,12,7,9,8,5
369,25,1,3.333333333,5,5,8,10,8,8,3
370,24,1,3.166666667,1.666666667,8,9,5,8,10,6
371,19,1,4.5,6.333333333,8,8,4,3,10,5
372,25,1,2.833333333,3.5,8,10,8,9,8,4
373,18,-1,4,6.5,10,8,7,8,8,3
374,24,1,4,1.666666667,9,10,7,7,8,2
375,25,-1,2.333333333,5,9,6,5,7,12,2
376,21,1,3.333333333,NA,7,7,5,9,4,9
377,19,1,4.833333333,6,8,10,6,8,9,6
378,21,1,3.666666667,1.666666667,8,9,5,9,9,4
379,23,1,4.5,3.166666667,8,8,7,6,7,0
380,23,1,4.166666667,1.166666667,7,12,4,5,10,6
381,19,1,3.5,4.333333333,7,11,2,10,5,4
382,22,1,3.166666667,1.666666667,8,9,9,9,11,5
383,21,1,1,1.666666667,9,10,3,6,6,4
384,22,1,4,2.833333333,7,8,6,8,5,7
385,24,1,3.333333333,5,6,11,0,9,7,5
386,22,1,3.666666667,3.833333333,8,10,3,7,9,4
387,23,1,1.833333333,3.833333333,8,5,12,7,8,12
388,25,1,1.5,1.833333333,5,9,5,5,8,8
389,24,1,1.833333333,3.5,9,9,7,10,10,5
390,25,1,4.833333333,6.666666667,6,7,7,10,7,3
391,20,1,2.833333333,5.5,9,8,1,5,9,9
392,19,1,4,2.833333333,9,12,8,7,10,2
393,20,1,3.166666667,6.666666667,6,14,2,5,12,5
394,22,1,2.5,3.5,7,11,7,10,10,8
395,18,1,1,1,7,8,1,5,12,4
396,19,1,4.166666667,4.5,3,11,5,8,10,4
397,22,1,4.166666667,3.666666667,6,10,7,7,9,6
398,22,1,3.5,3.166666667,8,13,4,8,4,5
399,25,1,3,3.333333333,6,8,5,5,7,4
400,18,1,4.166666667,4.833333333,9,11,7,8,8,4
401,21,-1,3.833333333,5.166666667,8,14,7,6,10,6
402,25,1,2.5,1.666666667,8,5,10,8,8,6
403,24,1,3.833333333,4.333333333,5,11,13,9,10,9
404,25,1,2.166666667,1.333333333,8,12,5,4,7,4
405,22,-1,3.5,5.166666667,10,10,9,6,8,9
406,18,1,3,3.5,9,10,7,3,9,1
407,23,1,3.166666667,2,7,7,5,7,8,3
408,18,1,2.5,2.833333333,9,8,5,5,9,1
409,22,1,1.833333333,1.5,7,7,2,8,8,6
410,23,1,3.666666667,4.5,9,6,8,9,10,6
411,19,1,3.666666667,3,9,10,8,8,9,1
412,25,1,1.333333333,1.333333333,9,9,3,8,9,5
413,22,1,3.666666667,5.666666667,5,9,1,7,5,2
414,25,1,3.833333333,4.166666667,6,9,5,3,8,6
415,25,1,3,5,8,8,8,8,6,0
416,20,1,3.166666667,1,6,13,10,7,6,8
417,23,-1,3.166666667,5.666666667,7,10,3,8,8,5
418,22,1,1.5,2.166666667,9,9,5,8,9,2
419,22,1,1.5,1,9,7,10,7,10,5
420,23,1,2.666666667,4,7,7,4,7,11,4
421,22,1,3.166666667,5,7,8,2,6,10,4
422,24,1,1.333333333,1.833333333,8,10,6,6,11,1
423,23,1,2.666666667,4.666666667,9,11,12,5,8,3
424,24,1,2.833333333,5.333333333,10,8,3,9,8,4
425,21,1,4.333333333,4.166666667,7,7,4,3,11,1
426,18,1,4.833333333,7.666666667,8,8,5,8,9,6
427,20,1,4,2.166666667,6,7,5,8,6,9
428,25,-1,3.333333333,5.666666667,10,9,4,9,7,7
429,21,1,4,6.666666667,9,11,6,9,11,3
430,25,1,3.833333333,2.333333333,8,4,3,9,8,3
431,25,-1,1.166666667,3.833333333,9,9,5,7,10,4
432,23,1,3.666666667,5.666666667,10,12,7,7,9,7
433,25,1,3.833333333,3.833333333,6,7,5,7,8,5
434,22,1,4.166666667,4.333333333,5,9,7,6,8,2
435,25,1,4.333333333,7.333333333,9,11,1,9,10,0
436,21,1,3.166666667,4.833333333,8,10,3,9,9,7
437,22,1,4.833333333,7.166666667,9,10,5,5,11,2
438,25,1,2.5,3,7,4,0,6,9,6
439,23,1,3.166666667,5,8,8,6,10,7,5
440,18,1,3.833333333,6.333333333,9,9,8,8,9,7
441,24,-1,2.333333333,5.5,9,11,5,9,10,8
442,24,1,3.333333333,4.833333333,9,10,0,10,14,1
443,22,1,1.833333333,3.333333333,7,11,4,7,8,8
444,23,1,3.666666667,2.666666667,6,11,1,8,8,7
445,22,1,1.166666667,2,7,6,4,8,11,4
446,24,1,4.5,5,9,10,1,7,12,5
447,19,1,4.166666667,8,10,10,0,5,8,6
448,22,1,3.166666667,1.333333333,6,6,8,7,10,7
449,24,1,4.833333333,5.666666667,8,5,6,9,8,0
450,19,1,3.333333333,5.166666667,8,9,2,9,7,9
451,19,1,1.166666667,1.666666667,5,10,1,8,10,1
452,22,1,2.833333333,6.333333333,9,8,1,7,9,0
453,19,1,1.666666667,1.333333333,5,11,3,9,10,8
454,23,1,3.833333333,6,8,6,9,8,8,0
455,25,1,3.166666667,3.333333333,9,13,6,5,13,4
456,20,-1,2.5,4.5,8,10,2,8,10,1
457,19,1,3.4,5.166666667,7,12,8,9,8,0
458,20,1,3.166666667,4.333333333,8,11,1,8,10,4
459,25,1,2.333333333,3,9,10,10,6,7,7
460,25,1,3,5,8,10,4,4,9,6
461,18,1,1,1,8,12,9,7,12,3
462,22,-1,2.5,3.333333333,6,11,2,7,9,5
463,24,1,4,4.666666667,8,10,5,9,11,5
464,19,1,2.833333333,5.166666667,6,13,3,6,9,5
465,21,1,1.5,1.833333333,6,7,6,8,4,4
466,19,1,1.666666667,1.5,6,6,2,9,7,6
467,21,1,5,5.666666667,6,14,1,7,9,2
468,24,1,2.666666667,4.666666667,10,7,2,7,12,6
469,24,1,3,4.666666667,8,12,10,9,8,4
470,20,1,3.666666667,4.666666667,8,11,6,8,10,4
471,25,1,1,5,6,8,8,8,7,7
472,19,1,2.5,4.333333333,7,9,3,8,7,4
473,22,1,4.833333333,6.166666667,6,8,5,6,7,2
474,21,1,4.333333333,5.833333333,8,9,5,9,12,1
475,24,1,3.333333333,6.666666667,9,8,4,5,11,7
476,20,1,3.833333333,5.5,7,7,5,5,10,0
477,18,1,3.166666667,3,7,10,6,9,11,4
478,25,1,1,5,8,8,3,6,8,6
479,18,1,4,5.166666667,7,9,7,9,11,1
480,21,1,3.833333333,5,7,8,10,5,9,5
481,20,1,2.5,2.666666667,9,10,5,9,7,7
482,22,1,1,1.333333333,5,7,7,5,7,0
483,20,1,3,4.666666667,8,10,6,7,9,2
484,18,1,4.666666667,4,10,8,5,10,9,10
485,20,-1,2.666666667,5.666666667,7,9,6,8,8,3
486,23,1,1.666666667,2.333333333,5,8,5,8,7,2
487,21,1,5,4.333333333,6,9,2,8,5,2
488,22,1,3.833333333,6.333333333,9,10,5,9,10,4
489,25,-1,3.333333333,5.333333333,9,7,9,9,8,6
490,23,1,3,7,7,8,7,6,10,3
491,25,1,4,4.666666667,6,9,6,9,6,6
492,23,1,1,5.5,5,6,5,9,6,7
493,19,1,3,4.666666667,9,9,7,7,9,6
494,20,1,3.833333333,5,9,12,0,6,6,7
495,24,1,1,2.166666667,10,8,5,6,5,3
496,25,1,3.166666667,1.333333333,6,9,1,8,11,5
497,19,1,5,8.5,5,7,4,7,11,7
498,23,-1,3.333333333,5,7,8,1,5,7,5
499,25,1,3,3.833333333,9,10,9,9,8,6
500,24,1,4.333333333,5.666666667,8,11,3,7,7,5
501,22,1,4.5,5.666666667,3,9,4,8,10,6
502,19,1,2.5,3.166666667,6,9,9,7,9,5
503,25,1,2.666666667,1.166666667,7,7,7,10,7,2
504,22,1,4.833333333,7.5,8,9,4,7,7,6
505,21,1,3.333333333,4.833333333,9,10,0,8,7,4
506,24,1,2.333333333,2.166666667,9,8,8,8,10,9
507,25,1,2.833333333,3.833333333,8,11,4,9,10,3
508,23,1,1.333333333,3,7,9,3,6,10,5
509,23,1,1,1.166666667,8,7,3,8,7,0
510,23,1,1.666666667,2.5,8,8,2,7,5,3
511,22,1,4.333333333,4.666666667,7,8,1,9,10,3
512,25,1,3.166666667,4.666666667,8,6,2,6,9,9
513,23,1,1,1.333333333,9,7,8,9,9,5
514,19,1,2.666666667,1.833333333,7,8,2,10,11,5
515,24,1,1.833333333,1.166666667,8,8,4,6,7,6
516,20,1,3.166666667,2.5,9,9,7,5,11,3
517,21,1,1.5,4.666666667,8,5,6,8,8,6
518,23,1,4,3.5,9,6,0,6,8,10
519,25,1,2.833333333,4.833333333,9,12,9,9,9,7
520,22,1,4.833333333,8.666666667,10,8,6,8,10,7
521,21,1,4.333333333,5.666666667,5,10,8,10,9,2
522,22,1,4.333333333,2,7,11,2,4,7,6
523,20,1,4.5,5.666666667,9,9,4,8,8,6
524,20,1,2.333333333,3,6,11,4,8,4,3
525,25,1,3.5,1,6,11,7,10,8,5
526,23,1,1.333333333,1.5,8,13,1,6,10,11
527,20,1,2.833333333,2.666666667,8,11,4,9,9,2
528,25,1,1.833333333,1.666666667,8,13,7,9,10,7
529,23,1,4.833333333,4.666666667,7,9,8,8,10,2
530,21,1,3.666666667,4.833333333,6,7,2,9,10,6
531,18,1,5,5.666666667,8,11,9,8,10,2
532,18,1,2.666666667,1,9,8,5,9,6,7
533,24,1,1.166666667,5,7,10,4,3,9,1
534,23,-1,3.666666667,4.333333333,8,12,7,8,12,5
535,25,1,4.333333333,5.166666667,8,11,8,5,8,9
536,23,1,3.166666667,4.333333333,8,6,3,10,10,4
537,22,1,2.333333333,2.833333333,9,12,8,8,9,5
538,24,1,2.333333333,4,8,10,2,9,10,9
539,24,1,4.166666667,4.833333333,3,9,8,9,8,11
540,21,-1,3.666666667,4.166666667,7,8,3,3,8,12
541,24,1,2.833333333,4.666666667,6,9,3,9,9,4
542,18,-1,4.833333333,3,6,6,8,7,9,2
543,23,1,4.5,8.166666667,9,5,6,5,9,7
544,22,1,3.333333333,2.166666667,9,7,1,7,9,6
545,21,1,2.833333333,4.166666667,10,9,8,9,10,9
546,25,1,3,5,10,7,4,5,7,5
547,22,1,3.5,4.833333333,8,5,7,7,11,5
548,23,1,2,1,7,10,6,9,13,10
549,19,1,2.333333333,1.666666667,8,7,2,9,12,5
550,19,1,2.833333333,3.833333333,8,9,5,9,8,7
551,19,-1,3.333333333,6.166666667,7,4,5,10,5,6
552,22,1,4.5,3.833333333,7,11,4,6,9,5
553,22,1,3.5,3.666666667,9,7,0,7,11,3
554,18,1,3.833333333,4.166666667,6,11,3,10,11,4
555,21,1,2.166666667,3.166666667,6,9,6,8,7,0
556,20,1,2.333333333,5.166666667,8,9,8,5,7,9
557,23,1,5,5.833333333,9,10,8,6,9,0
558,18,1,1.666666667,3.666666667,6,9,7,8,10,3
559,22,1,3.833333333,2.333333333,4,10,4,9,11,4
560,25,1,3.166666667,3.333333333,5,13,4,7,11,9
561,18,1,1,1.166666667,8,10,3,7,7,5
562,22,1,4.5,2,9,9,8,6,6,8
563,23,1,2,2.666666667,9,9,3,8,5,4
564,23,1,3.5,5,8,7,6,5,10,10
565,18,1,3,4.5,6,9,8,9,11,6
566,18,1,2.833333333,2.666666667,7,6,6,8,10,7
567,24,1,4.333333333,5.833333333,10,7,6,6,7,8
568,24,1,4.833333333,5,8,12,4,5,12,1
569,20,1,5,8,7,6,2,10,8,5
570,23,-1,4,5,10,13,4,7,13,6
571,23,1,4.333333333,5.166666667,9,10,2,6,10,3
572,24,1,4.166666667,4,7,13,5,10,11,5
573,23,-1,2.333333333,3.166666667,4,10,5,6,10,3
574,24,1,1,1.833333333,10,9,4,9,9,6
575,23,-1,3,4.5,9,12,7,5,7,0
576,22,-1,2.833333333,5.5,9,9,9,6,8,6
577,22,1,2.666666667,4.166666667,7,8,5,6,9,3
578,20,-1,3.666666667,5,7,8,7,7,10,8
579,22,1,3.333333333,3.833333333,8,8,2,5,9,0
580,24,1,2.666666667,6.5,10,10,5,4,9,5
581,21,1,2.833333333,4.333333333,9,10,5,8,9,4
582,25,1,3,5,9,9,6,10,8,8
583,20,1,4.666666667,4.333333333,8,5,6,7,8,0
584,18,1,2.666666667,4.5,9,7,6,7,6,3
585,25,1,5,4.5,7,4,6,8,11,7
586,25,1,3.666666667,4,9,7,2,6,9,7
587,22,1,2.5,3.166666667,9,13,6,5,9,6
588,23,1,1,5,6,12,0,8,8,6
589,19,1,4.333333333,2.833333333,9,8,8,8,9,0
590,23,1,3.166666667,1.833333333,7,11,7,7,7,8
591,23,1,2,2.833333333,7,9,5,9,7,6
592,22,1,2.5,5.833333333,8,9,10,7,5,0
593,19,1,2.833333333,4.833333333,6,11,3,10,11,4
594,21,1,4.333333333,5.5,8,9,9,9,9,8
595,20,1,3.166666667,5.833333333,9,11,7,9,7,7
596,18,1,3,5,9,10,12,9,11,3
597,19,1,4.333333333,6.333333333,9,7,9,9,10,8
598,25,1,3,5.666666667,4,10,7,7,10,4
599,23,1,1.5,3.5,8,9,7,5,9,6
600,25,1,3.5,4.833333333,9,8,7,9,8,8
601,23,1,3,5,4,9,8,9,9,6
602,25,1,3.833333333,1.166666667,9,9,7,9,10,3
603,18,1,2.666666667,3.333333333,8,10,9,8,11,7
604,25,1,3.666666667,3.166666667,7,9,5,8,12,9
605,19,-1,3.666666667,6.833333333,8,9,10,6,8,2
606,18,1,2.333333333,1,7,6,5,8,7,4
607,24,1,3.833333333,4.333333333,8,9,1,10,9,8
608,25,1,1.5,1.5,8,9,9,8,15,2
609,20,1,4.333333333,4.666666667,6,8,1,4,8,0
610,21,1,1.666666667,1,8,8,5,4,11,4
611,24,1,1.333333333,4.666666667,6,9,2,9,9,8
612,20,1,2.166666667,1,8,9,9,10,8,1
613,21,1,2.333333333,5,7,0,7,8,0,4
614,18,1,5,3,10,12,3,8,9,8
615,24,1,4,5.5,8,9,8,7,12,5
616,21,1,3.5,5,8,8,6,10,10,7
617,25,1,4.166666667,6,9,13,7,9,10,10
618,18,1,3.333333333,3.833333333,8,8,8,10,11,8
619,24,1,3.166666667,1.5,7,8,3,9,13,7
620,22,1,3.833333333,1.666666667,7,10,6,7,11,6
621,23,1,2.666666667,2.5,6,9,0,9,6,2
622,20,1,3.666666667,6.166666667,5,10,4,6,7,8
623,24,1,1,4.166666667,5,11,8,7,6,7
624,25,1,3.333333333,3.833333333,8,0,8,9,0,6
625,24,1,4.5,2.5,9,11,7,7,12,5
626,24,1,1.666666667,3.833333333,8,11,6,6,8,1
627,23,1,3.5,3,4,10,7,5,10,5
628,21,1,3,5,8,8,2,8,11,9
629,22,1,3,5,10,9,3,8,8,3
630,21,1,1.166666667,1,6,7,2,8,9,0
631,20,1,4.666666667,4.5,7,11,6,5,10,11
632,25,1,5,4.833333333,8,10,5,5,9,3
633,19,1,2.333333333,2.333333333,7,12,6,8,7,8
634,22,1,1.833333333,4.333333333,4,7,6,7,10,7
635,23,1,4.666666667,7.5,8,8,8,7,10,10
636,21,1,3.166666667,4,8,7,10,9,8,5
637,20,1,3.166666667,4.5,10,9,1,10,7,4
638,19,1,3.666666667,5.666666667,9,9,6,6,10,10
639,22,1,3.5,5.166666667,8,11,3,10,12,11
640,22,-1,3.166666667,6,9,10,9,8,12,6
641,22,1,4,3.166666667,9,8,7,7,11,6
642,23,1,3.833333333,2.5,2,9,9,6,8,7
643,19,1,3,5.166666667,7,7,1,7,8,3
644,25,1,4,4,9,10,5,9,8,6
645,25,1,1.166666667,6,5,10,10,5,8,2
646,19,-1,4.5,6,9,6,2,5,10,4
647,20,1,1,2.5,6,11,2,10,10,7
648,21,1,3.666666667,5.833333333,8,11,5,4,5,3
649,20,1,3.333333333,3.833333333,4,10,3,8,5,8
650,23,1,4,5.166666667,6,11,7,6,9,7
651,21,1,4.833333333,3.666666667,6,7,4,6,9,9
652,23,1,3.5,5.166666667,9,7,4,8,4,11
653,19,1,4,4.333333333,9,12,1,6,7,3
654,22,1,2,1,6,10,6,6,9,6
655,24,1,4.166666667,5,8,8,7,7,12,10
656,23,-1,4.833333333,6.666666667,8,10,1,10,5,6
657,20,1,2.333333333,3.333333333,9,13,9,8,6,3
658,25,-1,2.5,2.666666667,6,9,2,7,7,2
659,19,1,4.166666667,4.666666667,7,8,6,8,9,9
660,20,1,3,5.5,8,8,6,6,10,13
661,25,1,5,6.333333333,6,7,2,7,8,2
662,22,-1,1.5,2.333333333,8,9,3,8,6,5
663,23,1,2.333333333,1.333333333,7,10,8,8,8,0
664,22,1,4.5,6,9,9,5,5,8,5
665,22,1,2.5,3.333333333,6,10,5,8,9,4
666,23,1,5,5.5,4,9,8,10,12,5
667,20,1,1,2,9,10,6,8,8,14
668,25,1,2.333333333,1.5,5,7,4,6,9,1
669,21,1,1.5,1.666666667,9,9,6,6,8,6
670,24,1,3.833333333,4.666666667,8,9,1,6,7,10
671,21,1,3.666666667,4,9,12,6,10,10,3
672,24,-1,3.833333333,4,7,5,12,7,7,3
673,19,1,3.166666667,3.833333333,9,14,4,5,14,5
674,18,1,2.333333333,4,8,8,3,4,9,9
675,18,1,4.333333333,2,8,11,9,8,9,4
676,21,1,5,5,9,8,8,8,9,2
677,23,-1,3,5.666666667,10,8,9,10,13,5
678,18,1,3.5,5.666666667,7,9,7,8,10,0
679,22,1,3.666666667,5,6,4,6,6,8,1
680,20,1,2.666666667,4.5,7,15,7,10,7,8
681,19,1,1.666666667,1.166666667,8,10,2,7,7,6
682,24,1,3.333333333,3.5,5,10,6,3,7,0
683,22,1,3.833333333,3,5,8,6,8,11,7
684,21,1,3,4.833333333,10,8,11,8,9,0
685,21,-1,1,4.666666667,5,12,8,6,7,4
686,20,-1,2.166666667,1,10,11,10,8,11,6
687,20,1,2.166666667,3.166666667,8,11,5,5,12,1
688,25,1,3.666666667,3.666666667,9,8,2,5,8,9
689,23,-1,2.666666667,5,9,6,3,8,8,9
690,25,1,3,3.666666667,4,8,1,9,10,3
691,25,1,3.5,4.666666667,6,12,0,9,9,8
692,24,1,3.5,5.166666667,6,6,4,9,10,6
693,25,1,3,1.666666667,10,13,4,6,12,7
694,22,1,3.666666667,4.166666667,7,8,9,10,9,7
695,24,1,2.666666667,1.166666667,6,6,0,10,8,1
696,24,1,4.833333333,7,5,7,5,9,10,0
697,25,1,5,1.833333333,9,10,4,7,9,12
698,22,1,3.666666667,3.666666667,9,8,7,9,10,6
699,20,1,2.833333333,4.166666667,3,4,7,5,9,6
700,24,1,3.5,3.5,9,8,2,7,10,1
701,23,1,3.333333333,4,6,12,4,8,6,8
702,20,-1,2.166666667,2.666666667,7,8,4,7,9,11
703,24,1,1,3.833333333,9,12,2,8,8,10
704,21,1,2.333333333,4,5,8,5,7,7,0
705,21,1,1.333333333,2.166666667,7,10,4,6,8,2
706,23,1,3.5,6.166666667,7,8,3,7,10,5
707,23,-1,2.5,5.166666667,5,11,2,9,9,7
708,24,1,4.166666667,5.166666667,7,5,5,5,10,3
709,24,1,3,4.833333333,6,9,5,5,11,2
710,19,1,2.666666667,5.333333333,7,12,3,7,11,6
711,25,1,4.333333333,5,5,7,10,7,8,2
712,22,1,1,2.666666667,9,12,2,8,6,11
713,22,1,4.833333333,5.5,7,8,4,7,8,0
714,20,1,1.833333333,1.833333333,9,8,3,8,11,7
715,22,1,5,9,5,7,8,10,9,0
716,21,1,3.166666667,5.166666667,9,10,8,10,6,4
717,24,-1,3.333333333,3.666666667,6,7,0,8,10,9
718,21,1,4.166666667,4.333333333,8,6,3,7,10,8
719,25,1,3,2.666666667,4,8,0,7,8,1
720,24,1,4.166666667,3.5,8,6,11,5,9,1
721,21,1,2.666666667,4.166666667,6,7,5,8,12,5
722,21,1,3.833333333,2,6,13,6,9,12,2
723,24,1,4.5,7.5,7,9,5,9,8,6
724,25,1,4.666666667,3,9,11,0,9,9,2
725,21,1,2,4.333333333,9,6,0,8,6,0
726,23,1,4.5,5.666666667,10,5,8,8,8,4
727,21,1,3,1.666666667,8,11,6,9,13,1
728,20,1,3.333333333,6.166666667,6,9,3,8,12,8
729,19,1,3,5,8,12,1,10,9,4
730,22,1,3.666666667,4.5,9,11,7,9,8,5
731,25,1,4,5,6,5,2,9,6,9
732,21,1,3.833333333,5,4,11,4,5,13,11
733,25,1,1,1.666666667,9,7,7,9,9,5
734,23,1,4.666666667,7,8,9,2,6,8,6
735,23,1,3.833333333,1,9,10,1,8,11,9
736,21,1,4.666666667,4.166666667,9,8,11,7,7,4
737,21,1,2.833333333,1.666666667,9,7,3,10,10,2
738,20,1,1.833333333,1.833333333,10,9,10,9,12,8
739,23,1,1.5,1,6,10,4,7,9,0
740,24,1,4.666666667,6.333333333,10,6,6,7,12,4
741,21,1,2.833333333,1,7,13,7,9,10,4
742,24,-1,4.833333333,5.166666667,7,12,1,8,8,3
743,21,1,2.166666667,1.333333333,10,8,3,7,10,0
744,25,1,4.5,6.333333333,8,6,11,8,8,3
745,22,1,1.5,2.333333333,9,11,5,9,8,9
746,25,1,1,2.833333333,9,13,8,8,11,4
747,23,1,4,6.333333333,7,7,0,6,8,3
748,21,1,4.166666667,5,5,9,8,8,9,3
749,24,1,2.833333333,5.166666667,3,6,4,5,11,2
750,18,1,4,4.166666667,10,8,4,9,7,5
751,24,1,3.5,5,6,10,3,9,12,7
752,21,1,4,5,9,6,5,10,13,9
753,22,1,4.5,4.666666667,4,7,6,8,10,0
754,19,1,3.666666667,5.5,7,8,0,7,10,6
755,18,1,2.333333333,2.833333333,10,8,3,3,8,5
756,21,1,1,1,6,9,6,5,10,6
757,24,1,2.5,4.166666667,7,9,5,7,8,2
758,23,1,3.333333333,5,5,5,5,9,10,5
759,22,1,3.5,1.333333333,8,6,4,9,8,2
760,23,1,2.666666667,3.833333333,5,9,9,8,11,7
761,24,1,1.166666667,2.5,8,10,5,5,10,2
762,24,1,3.666666667,4.5,8,12,5,8,11,5
763,22,1,4.5,5.5,7,10,7,7,13,0
764,25,1,3,4.833333333,9,9,12,9,8,6
765,22,1,2.833333333,2.5,8,10,7,5,11,8
766,20,1,4.833333333,6.833333333,5,7,8,4,6,7
767,20,1,3.166666667,4.166666667,5,4,3,6,8,8
768,25,1,3.833333333,1.666666667,8,9,5,4,11,1
769,24,1,3,5.833333333,7,8,4,8,8,4
770,18,1,4,4.5,7,7,8,6,10,5
771,23,1,3.666666667,4.833333333,9,5,5,9,7,7
772,21,1,3.833333333,3.833333333,7,6,7,8,8,4
773,23,1,1,3.333333333,9,12,13,4,9,4
774,24,1,2.833333333,1.666666667,9,7,3,6,8,10
775,23,1,4.333333333,4.5,6,9,7,6,5,8
776,25,1,2.5,4,9,8,2,9,9,0
777,18,1,4.5,1.333333333,8,12,3,9,10,4
778,19,1,2.833333333,4.666666667,9,9,8,9,9,2
779,21,1,4,3,7,13,5,7,8,14
780,22,1,1.666666667,1.333333333,6,11,6,9,11,4
781,22,1,2.666666667,2.833333333,6,6,3,6,11,8
782,24,1,3.666666667,5.5,9,9,5,9,4,5
783,25,1,2.833333333,5,4,10,2,6,11,5
784,22,1,1.166666667,3.666666667,4,8,7,9,5,6
785,25,1,2.833333333,4.833333333,7,8,2,7,8,5
786,25,1,1.666666667,1.833333333,7,9,4,8,7,7
787,25,1,1.666666667,1,7,5,4,7,8,7
788,19,1,2.666666667,5.333333333,7,5,5,7,12,0
789,24,1,3.166666667,4,7,8,4,9,10,3
790,25,1,3,5,7,10,1,9,10,3
791,24,1,4,4,6,11,6,7,5,3
792,23,1,1.666666667,3.5,8,4,7,5,9,8
793,20,1,5,4,5,9,10,9,10,9
794,25,1,3.5,5,8,7,1,5,11,2
795,23,1,4.5,6,10,8,9,8,7,7
796,23,1,3.666666667,3.333333333,8,11,2,7,11,1
797,20,1,2.5,1.166666667,7,13,4,7,6,3
798,21,1,1.333333333,1,7,8,1,9,12,6
799,24,1,3.833333333,4.166666667,10,9,10,7,7,4
800,22,1,3.166666667,3.666666667,8,6,5,10,11,3
801,25,1,3.5,1.833333333,9,15,5,6,10,1
802,23,1,4.833333333,6.833333333,9,9,6,5,7,4
803,23,1,1.833333333,5.166666667,9,10,14,4,11,5
804,22,1,2.333333333,4.666666667,9,10,3,10,9,7
805,24,1,2,2,5,6,6,7,11,2
806,21,1,4,3.666666667,9,9,5,8,9,7
807,25,1,5,3.666666667,8,6,6,8,11,2
808,24,1,2.833333333,4.833333333,7,9,8,8,9,3
809,20,1,3,3.333333333,9,10,6,7,11,6
810,20,-1,4,3.666666667,9,7,5,6,8,3
811,19,1,2,5.166666667,8,6,6,8,10,3
812,23,1,1.833333333,1.666666667,9,9,3,7,10,5
813,24,1,3,5,10,9,11,7,11,5
814,21,1,3.666666667,7.5,8,9,11,7,8,8
815,25,1,5,7.166666667,9,13,3,9,9,4
816,25,1,3.5,3.5,10,8,0,8,8,0
817,22,1,1.833333333,1,7,8,11,8,11,3
818,21,1,4.333333333,6.5,9,7,6,8,8,3
819,20,1,4.666666667,6.166666667,9,14,1,9,12,2
820,24,1,3.833333333,2.166666667,9,8,3,9,11,6
821,25,1,4.166666667,5,6,12,2,9,9,13
822,25,1,3.166666667,5,10,7,5,8,11,7
823,21,1,4,4,7,12,4,4,9,5
824,21,1,3.666666667,5.5,8,10,9,5,10,7
825,22,1,5,5,9,7,11,8,10,9
826,24,1,2.666666667,1,10,10,8,10,10,4
827,22,1,3.833333333,5,8,11,5,9,8,7
828,22,1,2,5.333333333,10,11,8,8,6,7
829,25,-1,2.833333333,3.833333333,8,9,3,7,6,5
830,24,1,3.166666667,2.333333333,9,8,3,9,8,5
831,24,-1,2.666666667,4.5,7,6,5,8,10,7
832,23,-1,3.5,4.833333333,6,7,4,9,9,5
833,21,1,2.5,1.833333333,8,7,3,8,7,4
834,22,-1,3.666666667,6.833333333,9,10,6,9,13,3
835,19,-1,3,5,9,8,3,7,10,6
836,21,-1,2.666666667,4.333333333,9,10,8,7,13,5
837,19,-1,1.833333333,1.833333333,10,11,4,7,11,4
838,20,-1,3.5,4.166666667,9,11,4,10,8,6
839,25,-1,1,1.833333333,8,13,5,7,8,3
840,22,-1,2.666666667,4.666666667,8,8,9,7,6,3
841,24,-1,2.833333333,5.5,7,8,7,9,10,9
842,19,-1,4.166666667,4.5,7,8,6,5,12,2
843,23,-1,3.5,5.333333333,9,12,8,6,7,6
844,20,-1,2.5,4.166666667,4,8,2,7,7,2
845,22,-1,3,5.666666667,6,9,8,7,11,4
846,25,-1,3.833333333,3.833333333,9,8,5,7,6,6
847,25,-1,3.666666667,5,7,8,1,7,13,2
848,25,-1,1.666666667,1.833333333,9,10,3,10,10,7
849,18,-1,2.333333333,4.833333333,5,7,4,10,6,6
850,24,-1,2.5,4.333333333,9,11,10,8,10,4
851,22,-1,3.166666667,4,8,7,0,9,9,6
852,23,-1,1.5,1,9,11,4,7,4,5
853,23,-1,3.166666667,4.666666667,9,8,2,10,9,2
854,19,-1,3.5,3.666666667,5,7,6,10,8,1
855,22,-1,3,4.833333333,6,11,5,9,7,5
856,22,-1,3.166666667,4,7,9,8,5,9,2
857,24,-1,4.333333333,4.5,6,9,8,9,11,5
858,18,-1,4,4,3,12,7,9,12,0
859,25,-1,3.5,4,5,11,10,7,4,2
860,23,-1,4,5,8,9,2,8,10,6
861,23,-1,3,4.5,8,7,4,7,7,8
862,21,-1,1.666666667,2.333333333,8,10,8,9,11,6
863,24,-1,4.666666667,4.666666667,8,8,3,8,10,2
864,21,-1,3,5,8,11,1,8,12,4
865,25,-1,2.6,1.5,10,7,6,9,6,8
866,22,-1,2.833333333,3.5,9,8,7,8,10,7
867,18,1,3.666666667,5.333333333,8,15,3,6,10,7
868,18,-1,1.666666667,6.166666667,9,12,0,9,11,8
869,23,-1,4.166666667,4.5,8,7,2,3,9,6
870,24,-1,2.666666667,1.333333333,9,8,1,6,11,8
871,20,-1,2,2,9,9,3,9,8,2
872,21,1,3,4.166666667,5,8,4,6,8,6
873,25,-1,3.166666667,4.333333333,3,11,8,8,9,4
874,18,-1,2.5,3.5,8,9,1,7,7,6
875,23,-1,2.333333333,3.833333333,7,12,3,8,8,9
876,25,-1,2.833333333,5,9,9,3,5,11,7
877,18,-1,2.333333333,3.666666667,4,11,9,9,12,3
878,25,-1,3.833333333,4.833333333,10,10,1,8,11,4
879,25,-1,2.166666667,1.333333333,9,6,0,8,8,2
880,21,-1,2.833333333,4.166666667,8,6,8,9,10,5
881,23,-1,3.166666667,3.833333333,9,9,5,9,9,4
882,25,1,3.666666667,4.333333333,8,5,3,8,6,7
883,24,-1,3.5,4.666666667,9,7,3,8,10,4
884,22,-1,4.666666667,6.666666667,7,10,0,10,7,7
885,24,-1,2.833333333,5,7,10,6,5,7,7
886,19,-1,3.5,5.333333333,7,8,5,7,10,4
887,24,-1,4,5.5,8,9,8,6,8,9
888,23,-1,3.166666667,8.166666667,10,7,4,8,9,5
889,18,-1,3,5,7,9,8,9,7,3
890,25,1,3,4.166666667,6,11,6,6,9,5
891,24,-1,2.333333333,4.166666667,8,12,7,8,10,2
892,23,-1,4.166666667,3,5,6,0,7,10,7
893,18,-1,1.666666667,2.333333333,6,8,8,7,7,2
894,18,-1,3.166666667,4.666666667,7,9,7,9,12,9
895,25,-1,3.166666667,3.333333333,9,9,9,7,12,0
896,19,-1,3.166666667,4.833333333,8,6,5,8,10,2
897,25,-1,3.666666667,3.833333333,6,9,2,8,9,4
898,22,-1,3,5,5,10,5,5,9,3
899,24,-1,1.166666667,1.166666667,8,12,7,10,10,9
900,23,-1,1,5.5,9,7,8,7,10,5
901,23,-1,2.5,3.5,6,10,9,3,9,6
902,19,1,2.666666667,4,7,8,5,4,10,7
903,20,-1,3.333333333,4.333333333,5,6,10,7,8,5
904,25,-1,3.333333333,5,7,13,3,6,11,8
905,20,-1,3.833333333,6.166666667,8,7,0,9,9,6
906,20,-1,3.166666667,4.166666667,7,8,6,7,5,7
907,19,-1,2.833333333,6.5,7,8,5,9,9,1
908,18,-1,1.166666667,2,9,10,1,8,10,2
909,22,-1,3,5.666666667,9,9,5,9,11,0
910,23,-1,3,1.333333333,8,6,1,7,9,4
911,23,-1,2.833333333,3.333333333,7,8,2,7,5,9
912,23,-1,1.5,1.666666667,8,10,9,7,9,2
913,24,-1,2.833333333,1,7,7,0,3,7,6
914,20,-1,2.666666667,5.333333333,9,9,6,9,7,6
915,22,-1,2.833333333,5.333333333,9,9,4,6,7,6
916,23,-1,4.666666667,7.833333333,7,11,3,8,7,4
917,24,-1,5,7.666666667,8,10,5,8,11,3
918,23,-1,2.333333333,4.166666667,8,10,4,6,7,3
919,25,-1,5,3.5,8,11,3,9,8,5
920,23,-1,3.333333333,4.333333333,7,10,1,9,9,9
921,25,-1,2.333333333,1.333333333,8,7,10,8,11,3
922,19,-1,2.666666667,5,8,8,8,7,8,5
923,22,-1,3.166666667,5.333333333,6,8,1,7,7,5
924,24,-1,1.833333333,4.166666667,7,7,4,8,8,7
925,23,-1,2.666666667,5.166666667,4,11,7,6,7,4
926,22,-1,3,4.5,9,11,3,9,11,7
927,25,-1,3,5,8,10,5,6,5,1
928,23,-1,3,5,8,9,5,9,8,7
929,18,-1,3,2.833333333,9,9,10,7,6,5
930,23,-1,3,5,5,8,3,6,5,2
931,25,-1,4.5,6.166666667,8,10,7,6,9,0
932,25,-1,2,1,9,6,3,9,12,4
933,24,-1,3.666666667,5.666666667,9,7,4,5,12,7
934,23,-1,3.166666667,4.833333333,9,10,5,5,8,6
935,22,-1,3.833333333,5.666666667,5,7,6,8,8,4
936,25,-1,3,4,9,11,5,9,8,5
937,18,-1,2.833333333,5,8,9,4,9,10,5
938,24,-1,3,5.333333333,7,9,5,6,4,3
939,20,-1,1,1,10,9,6,8,9,5
940,24,-1,2.5,5.666666667,8,8,6,6,8,5
941,23,-1,4,5.833333333,9,12,1,8,8,3
942,22,-1,1.833333333,4.666666667,8,8,4,9,5,6
943,18,-1,4.333333333,4.333333333,8,14,10,9,9,6
944,22,-1,2.666666667,5.166666667,9,9,3,7,6,7
945,24,-1,3,4.833333333,3,9,5,8,9,7
946,18,-1,4,5.833333333,7,10,8,6,7,6
947,24,-1,3,1,5,10,1,8,9,6
948,24,-1,4.166666667,2.666666667,9,6,1,8,10,5
949,18,-1,4.833333333,7.5,9,9,9,9,8,6
950,22,-1,1,2.666666667,7,9,7,2,7,1
951,23,-1,5,8.833333333,9,6,2,7,8,7
952,25,-1,1.833333333,3.333333333,7,7,9,6,8,3
953,21,-1,5,4.333333333,6,8,8,9,6,12
954,24,-1,1.666666667,2,7,10,10,9,7,3
955,23,-1,3,5,8,8,1,5,9,0
956,22,-1,3,5.166666667,9,7,8,8,9,9
957,23,-1,3,5,9,6,5,10,10,3
958,25,-1,1,1.666666667,7,5,0,10,12,7
959,21,-1,3.666666667,5.166666667,5,10,2,6,10,6
960,25,-1,2.666666667,4.666666667,8,11,7,9,12,8
961,20,-1,3.166666667,5.666666667,6,6,7,7,8,2
962,22,-1,2.333333333,4.166666667,8,7,1,7,12,1
963,23,-1,3,5,6,9,5,6,10,8
964,19,1,3.666666667,5,9,13,0,8,7,2
965,20,-1,2.833333333,4.666666667,6,13,8,5,10,0
966,20,-1,3.833333333,6.833333333,8,8,6,6,7,7
967,20,-1,2.5,4.833333333,7,8,10,9,11,5
968,25,-1,2.666666667,5.166666667,9,13,4,9,8,12
969,22,-1,3.5,5.5,4,12,6,7,9,6
970,20,-1,1.833333333,4.166666667,8,6,3,8,8,4
971,22,-1,3.166666667,4.5,8,7,2,9,7,3
972,25,-1,3.5,4.666666667,8,10,8,7,12,10
973,20,-1,3,5,7,9,8,9,11,1
974,18,1,3.166666667,4.833333333,9,4,6,7,10,7
975,23,-1,3.166666667,4.833333333,9,9,6,9,9,7
976,20,1,3.166666667,4.666666667,7,12,6,5,10,3
977,19,-1,2.166666667,5.333333333,10,9,6,9,10,10
978,19,-1,3.666666667,4.2,9,11,6,5,12,3
979,20,-1,3.166666667,1.666666667,6,7,1,8,11,5
980,23,-1,3.333333333,5.333333333,6,9,0,8,9,6
981,18,-1,2.833333333,5,7,11,1,3,9,12
982,20,-1,2.166666667,3.833333333,8,9,9,9,8,7
983,18,-1,1.833333333,2.166666667,10,9,2,8,8,10
984,25,-1,3,5.666666667,9,9,7,8,9,3
985,24,-1,3.166666667,2.333333333,8,7,7,8,11,0
986,20,-1,3.333333333,6.5,6,7,6,8,4,8
987,20,-1,3.833333333,6.5,5,8,6,7,8,0
988,25,-1,4.833333333,4.333333333,8,7,7,6,9,1
989,20,-1,3.666666667,6.166666667,8,11,10,8,6,7
990,20,-1,3,4.5,8,7,5,6,12,5
991,25,-1,2.5,4.166666667,7,9,4,9,9,8
992,21,-1,3,5,9,12,3,9,7,9
993,25,-1,3,5.5,8,8,8,9,7,8
994,24,-1,4,5,7,8,5,9,11,6
995,19,-1,2.833333333,6.166666667,9,9,8,8,13,7
996,19,-1,1,1.833333333,9,9,1,8,9,5
997,22,-1,2.333333333,5.333333333,7,9,4,8,9,10
998,24,-1,3.166666667,6,7,7,4,7,7,5
999,20,-1,4.666666667,3.666666667,5,8,7,7,12,7
1000,23,-1,1.5,1.5,8,10,7,7,10,2
1001,22,-1,1.5,3.166666667,4,4,4,9,4,5
1002,21,-1,3,4,9,11,6,9,8,0
1003,25,-1,3.166666667,5.333333333,10,10,2,4,9,5
1004,24,-1,3,5.833333333,5,6,11,9,7,1
1005,25,-1,2,6,7,5,4,7,8,5
1006,23,1,2.833333333,2,8,7,5,8,7,4
1007,25,-1,3.166666667,5,8,11,4,9,10,8
1008,25,-1,4,4.166666667,3,10,2,6,10,3
1009,18,-1,3,5.666666667,4,8,8,7,11,3
1010,24,-1,3.666666667,5.833333333,9,9,0,4,10,0
1011,22,-1,3,5,9,12,4,7,12,7
1012,22,-1,1.5,1.333333333,5,9,5,8,8,8
1013,22,-1,3.166666667,5,6,9,1,7,5,4
1014,24,-1,3.333333333,5.166666667,8,8,8,9,9,9
1015,21,-1,4.833333333,5.666666667,7,9,4,9,10,4
1016,20,-1,2.5,5.666666667,10,5,7,6,8,2
1017,22,-1,1,1.333333333,9,9,0,8,12,6
1018,21,-1,3.5,7.666666667,7,14,4,8,11,7
1019,20,-1,3.5,7.333333333,8,9,5,8,10,1
1020,18,-1,2,5,9,10,1,9,9,0
1021,25,-1,3.5,4.166666667,5,8,8,10,8,5
1022,25,-1,3.166666667,5.833333333,9,12,6,7,9,6
1023,22,-1,2.666666667,1,8,10,5,6,10,0
1024,21,1,2.333333333,5,8,9,6,9,11,0
1025,19,-1,3.333333333,5.333333333,9,8,5,7,8,6
1026,23,-1,4.666666667,4.333333333,7,8,7,9,8,8
1027,25,-1,2.5,5.333333333,10,7,6,7,14,4
1028,25,-1,4.5,4,6,10,10,8,10,9
1029,24,-1,4.833333333,6.5,10,9,4,6,7,3
1030,19,-1,1,1.833333333,9,11,8,9,11,4
1031,21,-1,2.5,4.5,8,8,5,8,9,9
1032,18,-1,3.166666667,5,8,6,11,10,11,5
1033,23,-1,1.5,2.666666667,10,5,5,9,9,5
1034,22,1,3.833333333,1.666666667,6,4,5,7,9,2
1035,25,-1,4.666666667,4.833333333,9,11,4,9,9,5
1036,19,-1,4.666666667,4.833333333,8,9,0,8,10,3
1037,23,-1,4.166666667,4,8,10,0,8,8,0
1038,24,-1,3.166666667,5,6,11,5,6,8,2
1039,20,-1,2.666666667,5.833333333,8,8,5,4,9,4
1040,25,-1,3.666666667,2.833333333,8,12,3,9,9,5
1041,22,-1,2.666666667,4.666666667,7,13,7,8,8,8
1042,25,-1,3.833333333,5.333333333,6,9,9,8,10,5
1043,25,-1,4,6,6,9,10,7,7,5
1044,25,-1,3.666666667,3.666666667,8,10,0,9,6,8
1045,24,-1,1.166666667,4.166666667,7,11,7,7,13,12
1046,23,-1,2.5,5.333333333,8,12,8,9,10,5
1047,25,-1,3.333333333,4.333333333,9,10,7,9,8,9
1048,19,-1,3,5,9,9,8,7,8,6
1049,24,1,2.5,5,9,10,5,6,11,5
1050,23,-1,2.333333333,4,5,8,4,9,9,0
1051,19,-1,3.333333333,4.833333333,5,7,8,5,9,2
1052,22,-1,3,4.833333333,6,6,3,9,8,3
1053,20,-1,1.666666667,3,7,6,8,6,8,2
1054,24,-1,1,1,7,8,3,9,10,2
1055,19,-1,1.333333333,2.666666667,9,10,3,5,9,4
1056,21,-1,1.5,3.166666667,9,11,3,8,12,8
1057,25,-1,1,3,9,9,8,7,7,2
1058,21,-1,3.166666667,4.333333333,8,9,5,7,9,5
1059,25,-1,2.166666667,4,8,5,7,8,9,4
1060,22,-1,3,3.666666667,9,9,12,7,7,7
1061,25,-1,3.5,3.166666667,9,7,2,9,11,5
1062,18,-1,1,2,7,6,9,8,9,4
1063,25,-1,2.166666667,6.833333333,8,7,7,5,6,3
1064,18,-1,4.333333333,2.333333333,8,8,5,10,8,8
1065,23,-1,3,3,10,8,1,10,7,8
1066,18,-1,4.166666667,2,8,11,14,9,11,5
1067,19,-1,4.833333333,6.166666667,8,13,0,10,14,15
1068,19,-1,3,3,9,10,3,7,8,5
1069,21,-1,2.333333333,3.833333333,8,9,8,9,9,14
1070,21,-1,2.666666667,5.333333333,6,13,0,10,10,5
1071,25,-1,1.5,1.333333333,7,10,6,9,14,0
1072,23,-1,3.333333333,4.166666667,7,9,0,8,4,1
1073,24,-1,1.833333333,3.833333333,4,11,6,5,8,2
1074,25,1,1,4.166666667,10,6,12,9,7,9
1075,21,-1,3,5,8,10,6,7,9,10
1076,19,-1,4.5,3.5,7,9,6,7,8,6
1077,21,-1,4.5,7,9,11,7,9,8,6
1078,21,-1,2.333333333,6.833333333,5,7,3,8,13,3
1079,21,-1,3,5.333333333,8,8,2,10,10,3
1080,24,-1,2.833333333,5.333333333,8,11,3,8,14,3
1081,19,-1,2.333333333,3.5,8,10,6,10,11,2
1082,19,-1,3.166666667,5.166666667,8,7,2,8,6,3
1083,25,-1,1.666666667,1,10,7,5,8,7,3
1084,24,-1,3.333333333,5.166666667,9,7,7,6,10,7
1085,24,-1,1,1,8,10,3,5,8,7
1086,23,-1,4.166666667,4.833333333,5,11,5,9,10,10
1087,18,1,2.833333333,5,8,6,6,6,10,0
1088,23,-1,3.166666667,6.833333333,6,10,0,4,10,6
1089,19,-1,3.333333333,5,8,10,5,9,9,4
1090,19,-1,2.25,4,4,9,1,9,8,4
1091,25,-1,2.333333333,4.166666667,8,9,4,6,6,0
1092,23,-1,4.666666667,5,5,8,7,7,10,5
1093,25,-1,3,5.5,8,5,7,6,11,3
1094,23,-1,2.333333333,4.333333333,4,8,2,4,9,6
1095,25,-1,4.833333333,2.333333333,7,6,1,7,11,2
1096,22,-1,2.166666667,6.833333333,7,9,10,5,13,15
1097,20,-1,3.666666667,6.666666667,8,5,0,6,13,3
1098,19,-1,2.666666667,4.333333333,6,9,2,7,8,4
1099,21,-1,4,5.166666667,8,14,4,7,10,1
1100,20,-1,3.666666667,3,7,11,5,9,8,4
1101,24,-1,2,4.5,10,11,3,9,10,11
1102,24,-1,2.833333333,4,8,9,1,6,9,4
1103,23,-1,4.333333333,5.666666667,10,8,5,8,10,7
1104,24,-1,3,4.833333333,10,6,1,7,7,2
1105,20,-1,3,4.666666667,7,10,4,6,11,10
1106,18,-1,1,1.833333333,9,11,6,6,9,6
1107,23,-1,1.166666667,2.333333333,9,11,8,8,8,3
1108,20,-1,1.833333333,7.666666667,10,8,8,8,9,6
1109,24,1,1.166666667,2.166666667,6,8,8,7,9,4
1110,18,-1,3.333333333,4.5,6,6,4,5,12,7
1111,18,-1,3.166666667,6.333333333,10,0,0,7,0,3
1112,18,-1,1.666666667,3.666666667,9,7,0,4,14,6
1113,20,-1,4.666666667,5,5,6,7,8,7,10
1114,20,-1,3.666666667,3,8,7,0,5,9,9
1115,19,-1,2.666666667,4,8,9,7,6,5,6
1116,25,-1,2.666666667,4.166666667,7,9,5,7,8,6
1117,21,-1,3.333333333,5,6,11,11,8,10,6
1118,24,-1,1.833333333,2.5,4,5,5,8,10,8
1119,23,-1,3,4.833333333,6,12,0,7,10,6
1120,23,-1,3.666666667,5.333333333,9,7,7,7,8,7
1121,19,-1,1.833333333,3.833333333,8,10,8,5,5,7
1122,21,-1,4.666666667,6.333333333,7,11,4,8,7,6
1123,20,-1,1,1,8,0,4,8,0,7
1124,21,-1,3,5,10,7,6,8,10,5
1125,20,-1,2.5,3.333333333,9,9,6,8,11,8
1126,24,-1,1.833333333,4,5,7,5,8,8,4
1127,25,-1,3,5.166666667,7,8,5,10,9,6
1128,21,-1,2.833333333,3,10,7,11,9,9,5
1129,25,-1,3.5,2,7,10,8,8,9,2
1130,21,-1,2,6,8,10,11,8,12,9
1131,20,-1,2.833333333,5.333333333,6,11,4,9,8,2
1132,22,-1,3,4.833333333,10,8,4,10,9,9
1133,20,-1,1.333333333,1.833333333,8,9,4,8,9,2
1134,18,-1,3,7.666666667,8,9,7,6,6,2
1135,18,-1,2.333333333,3.666666667,10,9,10,3,7,8
1136,18,-1,3,5,8,9,6,8,9,5
1137,25,-1,2.833333333,3,9,7,4,7,10,0
1138,20,-1,1.333333333,5,10,9,6,7,11,10
1139,21,-1,4,1.166666667,6,8,4,7,8,0
1140,21,-1,4.166666667,5.333333333,7,9,4,9,12,3
1141,20,-1,3.5,2.833333333,9,9,2,8,7,0
1142,21,-1,3.5,4.166666667,9,6,5,5,6,3
1143,21,-1,1,1,6,11,4,9,5,5
1144,25,-1,4.666666667,5.333333333,7,9,2,8,11,4
1145,25,-1,4,7,5,8,5,9,10,3
1146,18,-1,3,5,9,10,6,7,9,5
1147,19,-1,2,3.833333333,9,7,5,7,8,6
1148,24,-1,3.833333333,5.833333333,7,13,4,6,12,2
1149,20,-1,3,5.166666667,7,10,4,9,11,0
1150,23,-1,3.5,6.166666667,6,8,8,7,7,2
1151,25,-1,4.333333333,5,7,11,7,9,6,0
1152,20,-1,3.5,3,5,9,5,8,11,7
1153,23,-1,3.666666667,6.833333333,9,8,2,4,10,11
1154,23,-1,1,3.666666667,9,6,5,8,8,2
1155,23,-1,1,1.166666667,7,9,1,6,10,2
1156,19,-1,3.666666667,5,10,10,8,9,5,2
1157,25,-1,3.5,4.833333333,7,10,6,8,8,7
1158,25,-1,3.333333333,7,10,6,9,7,10,5
1159,25,-1,1,1.666666667,8,10,8,9,9,6
1160,24,-1,3.166666667,3.833333333,10,8,6,10,6,7
1161,21,-1,2.333333333,3.666666667,9,9,4,7,11,6
1162,19,-1,2.833333333,5.5,9,11,5,9,11,6
1163,23,-1,2.333333333,2.166666667,6,10,1,10,7,2
1164,24,-1,3.166666667,5.166666667,9,10,4,7,9,5
1165,22,-1,3.833333333,4,9,7,8,4,10,3
1166,20,-1,4.833333333,4.833333333,4,9,6,9,11,1
1167,23,-1,3.5,5.333333333,5,6,5,8,8,1
1168,22,-1,3.333333333,5.5,10,11,4,10,7,8
1169,18,-1,3.833333333,4.833333333,4,7,9,9,10,1
1170,24,-1,3.166666667,3.5,9,7,7,6,5,4
1171,25,-1,4.5,5.666666667,8,7,2,8,7,8
1172,20,-1,4.833333333,5,6,10,6,8,11,6
1173,25,-1,2.333333333,5.666666667,8,9,8,8,6,7
1174,20,-1,2.666666667,5,7,5,4,10,7,6
1175,21,-1,3,4.5,7,5,5,5,9,5
1176,25,-1,2.333333333,5,7,8,4,9,8,0
1177,21,-1,3.2,5.666666667,10,7,9,8,5,3
1178,23,-1,3.333333333,3.6,8,9,5,8,10,1
1179,23,-1,2.833333333,5,7,8,13,8,7,4
1180,23,-1,1.666666667,4.666666667,6,8,0,9,9,11
1181,20,-1,3,5.666666667,8,10,5,9,9,5
1182,22,-1,1.666666667,2.666666667,9,10,8,9,10,3
1183,25,-1,3,5,9,8,4,9,9,8
1184,25,-1,4.166666667,7.666666667,9,10,11,9,9,6
1185,19,-1,3.166666667,4.666666667,8,5,5,8,12,5
1186,23,-1,3.166666667,5.666666667,9,8,2,9,10,4
1187,22,-1,3.333333333,4.166666667,6,10,4,9,10,5
1188,20,-1,3,4.5,7,8,4,5,10,5
1189,21,-1,1.166666667,4,10,10,5,8,10,7
1190,19,1,1.5,1.333333333,7,7,5,10,12,5
1191,22,-1,4.166666667,4.333333333,6,11,9,9,9,3
1192,24,-1,1.666666667,2,8,11,3,7,9,8
1193,22,-1,4,5,8,9,4,3,13,3
1194,25,-1,3,5,8,9,5,7,8,9
1195,18,-1,2.166666667,3.833333333,8,11,2,6,12,2
1196,21,-1,1,1.166666667,9,9,6,9,8,7
1197,20,-1,3.666666667,5.666666667,7,10,6,8,12,9
1198,19,-1,3,4.666666667,9,7,1,4,8,9
1199,24,-1,2,2,9,8,1,5,7,5
1200,24,-1,2.833333333,5.166666667,9,10,5,6,11,7
1201,25,-1,3.333333333,4.5,9,8,3,6,11,0
1202,23,-1,3.5,2.666666667,8,8,7,8,10,6
1203,18,-1,2,7.166666667,8,11,3,9,10,5
1204,20,-1,2.833333333,5,9,9,5,9,9,7
1205,24,-1,1.333333333,1.5,8,10,6,9,13,5
1206,23,-1,4,5.5,10,11,3,6,6,9
1207,18,-1,3.333333333,4.666666667,7,8,8,9,7,4
1208,19,-1,4.166666667,5.166666667,6,8,6,9,6,7
1209,19,-1,1.5,2,9,11,12,9,11,5
1210,25,-1,4.5,4.666666667,9,6,4,6,9,7
1211,24,-1,3,3,7,10,0,7,9,1
1212,25,-1,4,5.666666667,7,9,9,7,13,7
1213,22,-1,4.166666667,5.333333333,8,12,5,7,8,4
1214,22,-1,2,2.166666667,7,9,10,6,13,6
1215,23,-1,2.5,3.333333333,9,9,2,6,6,2
1216,24,-1,4.166666667,6.166666667,8,6,13,10,12,7
1217,21,-1,3,5.166666667,8,8,9,8,10,14
1218,22,-1,3.5,6.5,8,7,4,7,8,10
1219,23,-1,2.333333333,4.333333333,9,10,8,6,9,8
1220,19,-1,4.5,5.833333333,5,9,5,9,12,3
1221,19,-1,3.5,4.5,7,8,11,8,12,6
1222,25,-1,3,5,9,10,3,5,6,5
1223,25,-1,4,5.166666667,6,12,6,4,16,0
1224,22,-1,1.166666667,2.666666667,7,8,2,9,14,4
1225,24,-1,1.166666667,1.166666667,8,10,5,6,8,4
1226,24,-1,3,5,7,9,2,5,9,5
1227,25,-1,3.166666667,4,9,7,10,7,8,3
1228,25,-1,3.166666667,3.5,8,6,4,9,9,7
1229,22,-1,3.833333333,7.333333333,9,12,3,9,10,11
1230,25,-1,3.5,1.833333333,9,12,8,9,9,8
1231,20,1,3.333333333,4.833333333,8,11,0,6,9,7
1232,22,-1,2.333333333,5.666666667,7,7,8,8,12,5
1233,21,-1,1.666666667,2.666666667,9,8,3,7,5,5
1234,22,-1,4.666666667,5.333333333,8,0,6,4,0,8
1235,18,-1,2.5,5.833333333,10,0,1,6,0,9
1236,18,-1,3,5,8,10,7,4,7,3
1237,20,-1,3,5,4,13,8,8,11,8
1238,20,-1,4.166666667,4,9,7,6,7,8,1
1239,24,-1,2,1.833333333,9,8,3,6,8,1
1240,21,-1,3.666666667,3.166666667,8,8,7,9,11,10
1241,18,-1,2.5,4.333333333,6,8,4,6,11,5
1242,24,-1,2.833333333,3.833333333,6,7,6,7,9,5
1243,23,-1,3,4.833333333,8,9,4,7,8,8
1244,24,-1,4.166666667,5.166666667,8,9,12,6,6,4
1245,22,-1,4.666666667,5,7,7,0,8,8,2
1246,19,-1,1.5,2.833333333,9,13,7,5,14,5
1247,25,-1,3.833333333,4.833333333,10,9,11,6,9,0
1248,25,-1,3.833333333,6.166666667,9,4,2,8,11,4
1249,20,-1,3.333333333,4.666666667,8,8,0,7,9,5
1250,19,-1,1,1.166666667,9,4,1,6,10,1
1251,23,-1,3,5.666666667,7,9,5,9,9,6
1252,25,-1,3.333333333,5.666666667,6,10,9,3,12,3
1253,25,-1,2,3.666666667,8,8,7,8,8,8
1254,25,-1,2,4.833333333,8,9,5,5,6,4
1255,20,-1,4.5,3.333333333,5,10,2,8,11,2
1256,22,-1,1.833333333,5.333333333,8,8,3,8,9,6
1257,23,-1,2.166666667,2,9,12,5,6,12,5
1258,20,-1,2.5,2.166666667,8,13,5,10,9,5
1259,20,-1,1.5,5.5,9,11,5,6,12,6
1260,18,-1,2.5,4.833333333,7,11,0,7,10,4
1261,18,-1,4.333333333,5.833333333,9,14,6,10,8,4
1262,24,-1,3.166666667,4.5,4,9,4,7,10,7
1263,22,-1,4.333333333,2.833333333,10,9,0,10,8,10
1264,20,-1,4.333333333,6,7,6,0,6,12,0
1265,23,-1,4.166666667,6.5,8,9,5,8,9,5
1266,25,-1,4.166666667,5.666666667,8,8,2,9,5,8
1267,23,-1,4,6.333333333,6,9,0,8,8,1
1268,24,-1,4.333333333,2,7,9,5,9,6,9
1269,25,-1,4.166666667,7,7,9,6,6,5,4
1270,24,-1,3.833333333,4.833333333,6,8,8,7,9,7
1271,19,-1,3.166666667,5.333333333,5,4,2,9,10,9
1272,24,-1,1,1.166666667,7,11,5,10,7,8
1273,23,-1,5,7.166666667,6,10,8,10,6,9
1274,21,-1,3,4.666666667,6,5,1,6,8,0
1275,22,-1,1.5,2.333333333,4,9,8,8,6,1
1276,19,-1,4.666666667,6.666666667,7,12,10,6,10,7
1277,19,-1,3,5,6,13,3,5,10,2
1278,20,-1,3,3.833333333,8,14,5,4,6,3
1279,21,-1,1,1.666666667,7,8,0,8,8,9
1280,22,-1,2.666666667,3.833333333,7,11,0,6,11,5
1281,20,-1,3,4.166666667,9,12,9,5,9,5
1282,24,-1,2.833333333,4.333333333,9,7,0,6,9,4
1283,20,-1,2.5,4.166666667,8,10,5,7,10,0
1284,24,-1,3.666666667,4.833333333,8,10,2,9,10,0
1285,18,-1,2.5,4.333333333,9,12,4,6,11,4
1286,23,-1,2.333333333,1.833333333,8,10,3,6,11,6
1287,23,-1,1.833333333,4.5,8,9,4,7,6,1
1288,25,-1,3,4.333333333,9,10,5,8,8,0
1289,22,-1,3,5,8,7,6,8,10,9
1290,24,-1,1,2.333333333,9,10,4,6,9,7
1291,20,-1,1.5,1.666666667,5,8,8,7,5,6
1292,20,-1,1.666666667,6.5,8,10,2,9,7,8
1293,21,-1,2.333333333,2,8,9,5,8,11,7
1294,24,-1,1.5,3.666666667,9,10,0,9,9,2
1295,25,-1,2.833333333,4.333333333,7,8,6,9,6,9
1296,25,-1,3.333333333,6.166666667,10,9,5,8,9,1
1297,25,-1,4.833333333,5.333333333,6,8,7,10,9,4
1298,23,-1,3,3.166666667,6,10,1,10,10,6
1299,23,-1,2.5,2.5,10,13,3,5,13,6
1300,21,-1,1.166666667,4,6,10,1,9,6,7
1301,19,-1,3,3.333333333,6,7,5,10,8,8
1302,21,-1,2.333333333,5.166666667,8,7,3,8,9,3
1303,21,-1,3.5,5,5,9,4,4,5,1
1304,18,-1,4.666666667,4.333333333,5,11,8,6,9,1
1305,22,-1,4.333333333,3.166666667,8,12,11,7,8,7
1306,24,-1,3.166666667,4.666666667,5,7,0,4,13,4
1307,25,-1,5,8.666666667,4,9,1,9,3,6
1308,19,-1,4.5,4.333333333,8,9,9,6,12,9
1309,23,-1,2,4.5,8,9,5,9,11,3
1310,23,-1,3,5,9,7,2,8,10,8
1311,25,-1,1.5,3.333333333,7,10,7,5,9,3
1312,24,-1,3.666666667,3.5,7,5,2,6,8,7
1313,23,-1,4.166666667,7.666666667,7,10,5,9,11,5
1314,25,-1,2,2.333333333,9,6,6,9,7,2
1315,25,-1,2.666666667,2.833333333,8,8,7,9,10,8
1316,22,-1,3.166666667,5.666666667,9,9,7,7,10,7
1317,25,-1,3,5.166666667,8,8,7,5,11,2
1318,22,-1,3.166666667,4.8,9,8,6,5,8,5
1319,19,-1,3.333333333,2.5,9,10,8,5,8,13
1320,23,-1,2.5,4.333333333,8,12,4,8,10,3
1321,21,-1,3.166666667,5.166666667,8,9,2,9,10,4
1322,23,-1,2.333333333,2.333333333,9,8,6,8,12,9
1323,18,-1,4,2.333333333,9,8,6,9,10,2
1324,19,-1,3.333333333,5,8,10,8,6,9,12
1325,25,-1,5,5,8,8,2,7,11,3
1326,21,-1,3.166666667,4.833333333,9,6,6,9,8,3
1327,25,-1,2.5,2.166666667,9,9,4,5,11,5
1328,19,-1,2.166666667,4.666666667,10,11,7,5,7,8
1329,22,-1,2.166666667,1,10,10,8,8,10,15
1330,21,-1,1.833333333,2,9,12,8,10,6,6
1331,25,-1,3,4.666666667,9,14,2,6,9,7
1332,23,-1,1.333333333,1.666666667,9,10,2,8,6,1
1333,25,-1,3.833333333,5,6,9,3,6,9,5
1334,25,-1,4.833333333,6,8,12,6,8,5,0
1335,20,1,2.5,3.333333333,9,10,3,6,8,4
1336,24,-1,1.5,1.166666667,9,13,6,8,7,9
1337,18,-1,3.333333333,4.666666667,8,10,8,8,10,4
1338,22,-1,3.166666667,1.166666667,4,9,7,7,8,5
1339,24,-1,1.666666667,5.666666667,6,11,9,8,7,5
1340,19,-1,4.666666667,2,5,9,5,9,11,5
1341,23,-1,1.833333333,4.833333333,8,10,6,8,12,5
1342,25,-1,3,1.333333333,10,12,2,8,11,0
1343,20,-1,1.833333333,1.333333333,7,6,7,7,6,4
1344,21,-1,2.666666667,4.166666667,8,8,0,3,12,4
1345,23,-1,2,4.166666667,8,8,1,9,7,7
1346,23,-1,3,3.833333333,8,7,6,8,9,6
1347,22,-1,3.333333333,6.5,10,9,2,3,10,3
1348,20,-1,3.666666667,5,8,8,6,7,9,8
1349,19,-1,3,4.833333333,5,10,1,8,9,9
1350,18,-1,2.166666667,5.833333333,7,12,5,8,9,1
1351,18,-1,3.166666667,5.833333333,7,8,0,7,10,6
1352,25,-1,4.666666667,4.333333333,8,10,6,8,10,3
1353,25,-1,3.666666667,2.333333333,8,10,0,7,6,3
1354,23,-1,4.166666667,2.333333333,8,7,6,7,9,6
1355,20,-1,4.666666667,7.666666667,6,10,5,6,10,8
1356,25,-1,4.666666667,3.666666667,8,7,8,5,10,6
1357,25,-1,1.833333333,4.333333333,6,7,12,7,8,3
1358,23,-1,2.166666667,4.833333333,9,5,0,8,8,8
1359,24,-1,3.333333333,5.5,9,12,4,4,6,8
1360,25,-1,4.666666667,5.166666667,7,9,3,7,8,2
1361,18,-1,2.666666667,5,6,8,3,8,9,6
1362,23,-1,4,7.166666667,8,12,1,6,8,2
1363,24,-1,2.833333333,3.833333333,9,13,6,10,10,9
1364,23,-1,2.833333333,5.166666667,10,8,6,8,10,6
1365,23,-1,3.5,5.666666667,7,7,7,8,6,8
1366,22,-1,3,5,7,9,10,9,10,6
1367,21,-1,3.333333333,4.666666667,8,6,0,9,10,5
1368,23,-1,4.666666667,5,6,8,6,5,8,7
1369,22,-1,2.833333333,4.833333333,8,9,4,5,9,2
1370,21,-1,4.666666667,4.666666667,7,8,4,9,8,1
1371,22,-1,5,5.333333333,9,12,3,7,8,3
1372,24,-1,2.166666667,3.666666667,7,9,4,9,7,6
1373,21,-1,2.333333333,4.833333333,4,9,8,6,10,4
1374,19,-1,3.166666667,5.833333333,3,12,3,9,7,4
1375,21,-1,4.166666667,7,9,12,4,7,8,8
1376,24,-1,3.5,5,6,8,6,6,7,3
1377,18,-1,2.666666667,5.5,8,9,6,8,7,8
1378,25,-1,1,2.333333333,6,7,10,9,8,3
1379,24,-1,3.333333333,5.666666667,8,8,4,5,8,4
1380,25,-1,2.166666667,4.166666667,8,6,4,7,8,3
1381,25,-1,1.833333333,2.5,6,10,0,8,8,4
1382,25,-1,2.666666667,5.166666667,6,9,9,7,6,2
1383,25,-1,2,4.666666667,7,10,7,4,9,6
1384,20,-1,3.666666667,3.166666667,6,9,8,9,10,9
1385,25,-1,2.333333333,3.166666667,7,6,2,9,6,6
1386,22,-1,2,4.333333333,7,7,10,9,6,10
1387,25,-1,3.833333333,5.333333333,7,10,3,10,13,0
1388,25,1,3.166666667,1.833333333,5,7,10,5,9,3
1389,23,1,3.166666667,4.666666667,5,6,5,7,9,7
1390,20,-1,3.166666667,4.333333333,6,6,7,7,9,7
1391,25,-1,2.166666667,5.666666667,8,8,5,8,10,6
1392,19,1,2.666666667,4.5,9,10,2,8,9,10
1393,18,1,3.333333333,3.666666667,8,8,5,9,8,10
1394,23,1,3,1.666666667,9,8,3,5,8,1
1395,24,1,3,5.833333333,8,9,2,9,8,4
1396,19,-1,3.166666667,4.666666667,8,9,5,7,8,1
1397,22,1,4.166666667,5.833333333,8,11,2,9,7,2
1398,24,1,4,6.333333333,9,9,5,7,11,6
1399,23,1,3.666666667,4,9,9,6,9,9,6
1400,22,-1,3,5.666666667,7,8,7,8,7,3
1401,23,-1,2.5,4.333333333,8,7,2,3,10,6
1402,18,-1,3.333333333,6.166666667,5,9,7,6,10,3
1403,23,1,1,4.166666667,10,6,5,10,9,6
1404,24,1,2.666666667,2,6,12,4,7,10,5
1405,19,1,3,4.5,8,9,8,8,7,4
1406,24,1,4.166666667,5.166666667,7,5,6,9,9,2
1407,24,1,3,4.333333333,9,6,3,7,7,4
1408,18,1,1,3.5,8,10,1,7,7,6
1409,25,1,4.333333333,4.166666667,5,4,6,8,8,4
1410,19,1,4.833333333,4.5,9,10,3,10,9,4
1411,24,1,2,1.166666667,9,10,10,5,7,2
1412,21,1,4.666666667,5.333333333,6,8,7,8,9,4
1413,19,1,5,7.166666667,7,8,0,6,5,5
1414,22,1,4.666666667,4.5,6,6,2,8,8,3
1415,25,1,3.333333333,6.166666667,4,7,1,9,11,4
1416,25,1,2.833333333,5.166666667,6,8,2,10,7,2
1417,22,1,4,1.333333333,9,6,0,8,7,7
1418,24,1,4.5,4.833333333,7,8,7,5,9,12
1419,24,1,5,5.833333333,8,8,6,5,10,4
1420,24,-1,2.833333333,5.166666667,8,9,6,5,11,6
1421,20,1,1.833333333,2.833333333,7,10,8,5,14,10
1422,22,-1,3.833333333,4.833333333,7,10,5,6,11,4
1423,18,-1,2.666666667,4.666666667,8,10,9,9,10,4
1424,24,-1,5,2.333333333,7,9,2,9,13,7
1425,20,-1,4.833333333,7.666666667,9,8,3,10,8,2
1426,22,-1,1,1,8,9,3,8,9,4
1427,25,-1,4,6.666666667,3,12,4,5,10,3
1428,24,-1,3.5,3,6,12,2,5,6,2
1429,22,-1,1,6,9,10,7,7,5,6
1430,22,-1,3,4.833333333,9,7,5,9,13,5
1431,24,-1,3,5.166666667,9,10,8,6,8,12
1432,25,-1,1,1.5,6,11,0,8,8,0
1433,19,-1,2.166666667,5.666666667,7,7,0,8,7,7
1434,22,-1,2.333333333,4.833333333,9,11,3,6,9,3
1435,22,-1,4.5,5.5,8,6,2,3,10,4
1436,23,-1,4.833333333,2.166666667,8,9,0,8,9,2
1437,18,-1,2.333333333,5.166666667,8,12,6,5,9,7
1438,20,1,4.333333333,3.833333333,7,9,7,10,11,9
1439,24,1,4,7.333333333,8,10,9,8,9,6
1440,25,-1,3.333333333,5,9,9,7,5,8,2
1441,24,-1,2.833333333,5,8,7,6,8,9,10
1442,20,-1,3,5,9,12,9,8,7,5
1443,21,-1,4.833333333,5,6,10,4,4,9,6
1444,22,-1,3,5,4,8,5,9,7,5
1445,24,-1,3,4.5,7,6,6,7,12,4
1446,19,-1,3.666666667,6.5,6,10,12,9,4,5
1447,25,-1,3,5.166666667,9,8,6,8,10,2
1448,20,-1,3.166666667,4.333333333,8,10,3,4,8,8
1449,22,-1,2.333333333,2.333333333,8,11,6,5,13,7
1450,19,-1,2.833333333,3.666666667,9,13,2,9,9,5
1451,22,-1,3.333333333,5,7,9,2,10,10,8
1452,25,-1,3.5,4.333333333,6,9,9,9,10,1
1453,20,-1,4.333333333,5.666666667,6,8,1,5,9,8
1454,23,-1,4.166666667,2,4,8,0,8,10,6
1455,22,-1,5,7.833333333,10,4,4,10,13,7
1456,20,-1,3,4.666666667,6,7,3,8,11,4
1457,25,-1,3.833333333,4.5,6,10,6,6,9,3
1458,22,-1,1.5,1,8,12,4,9,13,3
1459,25,-1,2.166666667,1.5,6,6,13,10,10,8
1460,22,-1,3.5,6,9,10,9,9,10,8
1461,21,-1,2.666666667,4.833333333,7,8,0,7,11,10
1462,18,-1,2.666666667,6.666666667,10,11,6,5,9,5
1463,23,-1,5,7.666666667,7,12,4,10,10,3
1464,22,-1,3.5,3.5,10,7,7,5,8,9
1465,24,-1,1.333333333,1.5,8,5,2,8,9,0
1466,21,-1,4.333333333,2.5,8,8,3,6,9,5
1467,18,-1,2.833333333,3.333333333,10,10,5,10,8,7
1468,25,-1,3.833333333,3.666666667,7,11,6,9,13,2
1469,24,-1,4.5,4.833333333,8,10,0,8,8,0
1470,24,-1,1,1.5,7,9,4,5,8,6
1471,25,-1,2.666666667,5.833333333,8,15,0,5,12,10
1472,25,-1,4.333333333,4.333333333,9,11,7,7,9,3
1473,20,-1,1.5,2.5,7,8,3,8,11,3
1474,19,-1,2.166666667,2.666666667,6,9,9,5,8,2
1475,24,-1,1,1,7,11,9,8,9,9
1476,18,-1,1.5,2.5,6,10,3,9,8,3
1477,23,-1,2.166666667,2.666666667,8,9,6,5,7,2
1478,18,-1,2.833333333,5.333333333,8,9,9,4,8,3
1479,22,-1,1,2,9,10,6,5,8,3
1480,25,-1,1.666666667,2.666666667,5,8,2,8,11,3
1481,22,-1,3.166666667,5.333333333,5,8,0,8,8,7
1482,20,-1,3.333333333,3.5,6,11,6,7,9,6
1483,23,-1,1.166666667,3.833333333,7,8,3,8,7,6
1484,20,-1,1,2,9,10,9,4,9,3
1485,20,-1,1.333333333,2.333333333,5,7,3,9,6,7
1486,25,-1,1.333333333,1.833333333,7,11,7,6,3,0
1487,24,-1,1.666666667,2.166666667,6,12,8,9,13,8
1488,18,-1,1.833333333,4,4,8,7,9,11,6
1489,18,-1,2.333333333,4.166666667,9,6,0,7,10,4
1490,24,-1,1.166666667,3.333333333,5,10,1,5,5,6
1491,19,-1,2.833333333,6,10,9,4,10,10,1
1492,24,-1,2.666666667,4.5,9,6,8,9,10,3
1493,23,-1,2,4.833333333,8,10,9,3,9,5
1494,25,-1,3,2.333333333,7,5,11,8,11,0
1495,21,-1,3,4.166666667,9,7,2,6,11,5
1496,25,-1,1,2.333333333,8,12,3,8,9,5
1497,21,-1,3.333333333,5,7,11,5,8,13,4
1498,19,-1,1.833333333,5.333333333,8,9,9,7,11,1
1499,18,-1,3.333333333,2.333333333,10,3,0,8,11,9
1500,24,-1,4,6.166666667,8,9,1,8,8,1
1501,25,-1,3.333333333,4.5,4,7,10,8,9,1
1502,24,-1,4,6,9,9,7,10,7,3
1503,25,-1,4.166666667,1,8,9,0,9,10,10
1504,25,-1,1.833333333,6,10,10,8,8,10,5
1505,21,-1,2.833333333,4.666666667,9,8,6,5,9,6
1506,25,-1,4.5,5.666666667,9,9,3,4,8,4
1507,20,-1,1.5,1.166666667,6,8,5,9,9,6
1508,21,-1,3.333333333,5.5,9,9,7,9,13,7
1509,22,-1,4.333333333,3.833333333,6,8,6,6,7,7
1510,18,-1,3,4.5,9,10,7,7,8,9
1511,18,-1,3,3.5,8,7,10,8,6,3
1512,22,-1,4.166666667,5.5,7,6,6,8,7,5
1513,25,-1,4.666666667,6.166666667,10,9,1,9,8,6
1514,25,-1,3.666666667,5.333333333,9,8,5,7,8,7
1515,24,-1,3.833333333,4.333333333,6,10,0,7,8,4
1516,18,-1,1.5,1.666666667,9,6,4,7,7,7
1517,21,-1,1.666666667,1.833333333,8,10,3,8,9,3
1518,21,-1,2,2.5,8,11,2,9,11,4
1519,20,-1,2.666666667,5,9,7,3,7,8,8
1520,24,-1,3.333333333,3.333333333,9,11,17,10,6,0
1521,24,-1,1,1,9,11,2,9,7,6
1522,18,-1,4.833333333,5.166666667,10,10,2,9,5,8
1523,21,-1,3.166666667,7.166666667,8,7,4,9,6,4
1524,25,-1,3,4.5,7,8,4,7,8,7
1525,20,-1,1,4,8,10,15,10,7,3
1526,19,-1,1.833333333,3.666666667,8,6,5,7,7,6
1527,21,-1,4.166666667,5.5,8,7,5,5,13,5
1528,18,-1,3.5,4.666666667,8,10,4,9,13,5
1529,23,-1,3.166666667,4.166666667,8,11,8,8,14,1
1530,25,-1,2,1.333333333,7,10,4,5,11,5
1531,24,-1,4,5.5,10,8,6,8,9,3
1532,18,-1,3.833333333,4.666666667,6,8,5,8,7,4
1533,24,-1,3,3.833333333,6,0,0,7,0,8
1534,25,-1,3.5,5,6,8,3,8,8,3
1535,25,-1,3,6,8,10,5,9,12,5
1536,19,-1,2.5,2.833333333,7,7,9,8,10,5
1537,21,-1,2.833333333,6,9,7,6,5,11,4
1538,21,-1,3,6.166666667,7,8,5,9,9,7
1539,23,-1,5,8.833333333,9,10,3,9,6,5
1540,23,-1,3,5.166666667,4,11,8,8,10,5
1541,21,-1,3,4.5,9,9,8,7,9,2
1542,23,-1,1,1,10,10,4,9,8,4
1543,25,-1,3.333333333,5,7,9,7,5,13,3
1544,22,-1,4.166666667,7.666666667,10,10,4,8,11,6
1545,22,-1,2.5,5,9,6,6,9,9,8
1546,22,-1,4.5,5.333333333,6,9,7,6,5,4
1547,18,-1,3.833333333,3.666666667,8,9,7,3,8,0
1548,22,-1,1,1.333333333,5,9,3,7,11,2
1549,21,-1,5,5.666666667,9,8,6,7,10,2
1550,24,-1,1.166666667,1,8,12,3,9,10,9